<?xml version="1.0" encoding="UTF-8" standalone="yes"?>
<databaseChangeLog xmlns="http://www.liquibase.org/xml/ns/dbchangelog" xmlns:xsi="http://www.w3.org/2001/XMLSchema-instance" xsi:schemaLocation="http://www.liquibase.org/xml/ns/dbchangelog http://www.liquibase.org/xml/ns/dbchangelog/dbchangelog-3.8.xsd ">
    <changeSet id="HU-00001_TAG_CRTB_TA_LOAN" author="1048168">
        <tagDatabase tag="HU-00001"/>
    </changeSet>
    <changeSet id="HU-00001_ID_CRTB_TA_LOAN" author="1048168">
        <createTable tablespace="USERS" schemaName="SC_CREDIT" tableName="TA_LOAN">
            <column name="FI_LOAN_ID" type="NUMBER(15)">
                <constraints nullable="false"/>
            </column>
            <column name="FI_ADMIN_CENTER_ID" type="NUMBER(8)">
                <constraints nullable="false"/>
            </column>
            <column name="FI_COUNTRY_ID" type="NUMBER(3)">
                <constraints nullable="false"/>
            </column>
            <column name="FI_COMPANY_ID" type="NUMBER(3)">
                <constraints nullable="false"/>
            </column>
            <column name="FI_BUSINESS_UNIT_ID" type="NUMBER(5)">
                <constraints nullable="false"/>
            </column>
            <column name="FI_ORIGINATION_CENTER_ID" type="NUMBER(8)">
                <constraints nullable="false"/>
            </column>
            <column name="FC_PLATFORM_ID" type="VARCHAR2(6)" defaultValueComputed="'0'">
                <constraints nullable="false"/>
            </column>
            <column name="FC_SUB_PLATFORM_ID" type="VARCHAR2(6)" defaultValueComputed="'0'">
                <constraints nullable="false"/>
            </column>
            <column name="FC_CUSTOMER_ID" type="VARCHAR2(36)">
                <constraints nullable="false"/>
            </column>
            <column name="FI_PRODUCT_ID" type="NUMBER(10)">
                <constraints nullable="false"/>
            </column>
            <column name="FN_PRINCIPAL_AMOUNT" type="NUMBER(12,2)">
                <constraints nullable="false"/>
            </column>
            <column name="FN_FINANCE_CHARGE_AMOUNT" type="NUMBER(12,2)">
                <constraints nullable="false"/>
            </column>
            <column name="FN_PAID_INTEREST_AMOUNT" type="NUMBER(12,2)" defaultValueComputed="0.0">
                <constraints nullable="false"/>
            </column>
            <column name="FN_PRINCIPAL_BALANCE" type="NUMBER(12,2)">
                <constraints nullable="false"/>
            </column>
            <column name="FN_FINANCE_CHARGE_BALANCE" type="NUMBER(12,2)">
                <constraints nullable="false"/>
            </column>
            <column name="FN_ADDITIONAL_CHARGE_BALANCE" type="NUMBER(12,2)">
                <constraints nullable="false"/>
            </column>
            <column name="FD_ORIGINATION_DATE" type="DATE">
                <constraints nullable="false"/>
            </column>
            <column name="FD_FIRST_PAYMENT" type="DATE">
                <constraints nullable="false"/>
            </column>
            <column name="FD_DUE_DATE" type="DATE">
                <constraints nullable="false"/>
            </column>
            <column name="FN_APR" type="NUMBER(12,6)">
                <constraints nullable="false"/>
            </column>
            <column name="FI_ADDITIONAL_STATUS" type="NUMBER(5)">
                <constraints nullable="false"/>
            </column>
            <column name="FI_CURRENT_BALANCE_SEQ" type="NUMBER(5)">
                <constraints nullable="false"/>
            </column>
            <column name="FN_INTEREST_RATE" type="NUMBER(12,2)">
                <constraints nullable="false"/>
            </column>
            <column name="FI_NUMBER_OF_PAYMENTS" type="NUMBER(5)">
                <constraints nullable="false"/>
            </column>
            <column name="FI_TERM_TYPE" type="NUMBER(5)">
                <constraints nullable="false"/>
            </column>
            <column name="FI_LOAN_STATUS_ID" type="NUMBER(5)">
                <constraints nullable="false"/>
            </column>
            <column name="FD_LOAN_STATUS_DATE" type="DATE" defaultValueComputed="SYSDATE">
                <constraints nullable="false"/>
            </column>
            <column name="FC_SUBPRODUCT_ID" type="VARCHAR2(10)">
                <constraints nullable="true"/>
            </column>
            <column name="FI_ACCRUED_TYPE_ID" type="NUMBER(5)">
                <constraints nullable="false"/>
            </column>
            <column name="FI_RULE_ID" type="NUMBER(10)">
                <constraints nullable="false"/>
            </column>
            <column name="FC_END_USER" type="VARCHAR2(10)" defaultValueComputed="'0'">
                <constraints nullable="false"/>
            </column>
            <column name="FD_OPERATION_DATE" type="DATE">
                <constraints nullable="false"/>
            </column>
            <column name="FI_TRANSACTION" type="NUMBER(33)">
                <constraints nullable="true"/>
            </column>
            <column name="FD_LOAN_EFFECTIVE_DATE" type="DATE">
                <constraints nullable="true"/>
            </column>
            <column name="FC_UUID_TRACKING" type="VARCHAR2(36)">
                <constraints nullable="false"/>
            </column>
            <column name="FC_IP_ADDRESS" type="VARCHAR2(39)" defaultValueComputed="'127.0.0.1'">
                <constraints nullable="false"/>
            </column>
            <column name="FC_DEVICE" type="VARCHAR2(50)">
                <constraints nullable="false"/>
            </column>
            <column name="FC_USER" type="VARCHAR2(30)" defaultValueComputed="USER">
                <constraints nullable="false"/>
            </column>
            <column name="FD_CREATED_DATE" type="DATE" defaultValueComputed="SYSDATE">
                <constraints nullable="false"/>
            </column>
            <column name="FD_MODIFICATION_DATE" type="DATE" defaultValueComputed="SYSDATE">
                <constraints nullable="false"/>
            </column>
            <column name="FI_SUBTERM_TYPE_ID" type="NUMBER(5)" defaultValueComputed="0">
                <constraints nullable="false"/>
            </column>
        </createTable>
        <modifySql>
            <append value=" PARTITION BY RANGE (FI_ADMIN_CENTER_ID) ( PARTITION PAR_LOAN_P1 VALUES LESS THAN (401) TABLESPACE USERS,  PARTITION PAR_LOAN_P2 VALUES LESS THAN (802) TABLESPACE USERS,  PARTITION PAR_LOAN_P3 VALUES LESS THAN (1203) TABLESPACE USERS,  PARTITION PAR_LOAN_P4 VALUES LESS THAN (1604) TABLESPACE USERS,  PARTITION PAR_LOAN_P5 VALUES LESS THAN (2005) TABLESPACE USERS,  PARTITION PAR_LOAN_P6 VALUES LESS THAN (2406) TABLESPACE USERS,  PARTITION PAR_LOAN_P7 VALUES LESS THAN (2807) TABLESPACE USERS,  PARTITION PAR_LOAN_P8 VALUES LESS THAN (3208) TABLESPACE USERS,  PARTITION PAR_LOAN_P9 VALUES LESS THAN (3609) TABLESPACE USERS,  PARTITION PAR_LOAN_P10 VALUES LESS THAN (4010) TABLESPACE USERS,  PARTITION PAR_LOAN_P11 VALUES LESS THAN (4411) TABLESPACE USERS,  PARTITION PAR_LOAN_P12 VALUES LESS THAN (4812) TABLESPACE USERS,  PARTITION PAR_LOAN_P13 VALUES LESS THAN (5213) TABLESPACE USERS,  PARTITION PAR_LOAN_P14 VALUES LESS THAN (5614) TABLESPACE USERS,  PARTITION PAR_LOAN_P15 VALUES LESS THAN (6015) TABLESPACE USERS,  PARTITION PAR_LOAN_P16 VALUES LESS THAN (6416) TABLESPACE USERS,  PARTITION PAR_LOAN_P17 VALUES LESS THAN (6817) TABLESPACE USERS,  PARTITION PAR_LOAN_P18 VALUES LESS THAN (7218) TABLESPACE USERS,  PARTITION PAR_LOAN_P19 VALUES LESS THAN (7619) TABLESPACE USERS,  PARTITION PAR_LOAN_P20 VALUES LESS THAN (8020) TABLESPACE USERS,  PARTITION PAR_LOAN_P21 VALUES LESS THAN (8421) TABLESPACE USERS,  PARTITION PAR_LOAN_P22 VALUES LESS THAN (8822) TABLESPACE USERS,  PARTITION PAR_LOAN_P23 VALUES LESS THAN (9223) TABLESPACE USERS,  PARTITION PAR_LOAN_P24 VALUES LESS THAN (9624) TABLESPACE USERS,  PARTITION PAR_LOAN_P25 VALUES LESS THAN (10025) TABLESPACE USERS,  PARTITION PAR_LOAN_P26 VALUES LESS THAN (MAXVALUE) TABLESPACE USERS) ENABLE ROW MOVEMENT "/>
        </modifySql>
    </changeSet>
    <changeSet id="HU-00001_ID_REMARKS_TA_LOAN" author="1048168">
        <setColumnRemarks schemaName="SC_CREDIT" tableName="TA_LOAN" columnName="FI_LOAN_ID" remarks=""/>
        <setColumnRemarks schemaName="SC_CREDIT" tableName="TA_LOAN" columnName="FI_ADMIN_CENTER_ID" remarks=""/>
        <setColumnRemarks schemaName="SC_CREDIT" tableName="TA_LOAN" columnName="FI_COUNTRY_ID" remarks=""/>
        <setColumnRemarks schemaName="SC_CREDIT" tableName="TA_LOAN" columnName="FI_COMPANY_ID" remarks=""/>
        <setColumnRemarks schemaName="SC_CREDIT" tableName="TA_LOAN" columnName="FI_BUSINESS_UNIT_ID" remarks=""/>
        <setColumnRemarks schemaName="SC_CREDIT" tableName="TA_LOAN" columnName="FI_ORIGINATION_CENTER_ID" remarks=""/>
        <setColumnRemarks schemaName="SC_CREDIT" tableName="TA_LOAN" columnName="FC_PLATFORM_ID" remarks=""/>
        <setColumnRemarks schemaName="SC_CREDIT" tableName="TA_LOAN" columnName="FC_SUB_PLATFORM_ID" remarks=""/>
        <setColumnRemarks schemaName="SC_CREDIT" tableName="TA_LOAN" columnName="FC_CUSTOMER_ID" remarks=""/>
        <setColumnRemarks schemaName="SC_CREDIT" tableName="TA_LOAN" columnName="FI_PRODUCT_ID" remarks=""/>
        <setColumnRemarks schemaName="SC_CREDIT" tableName="TA_LOAN" columnName="FN_PRINCIPAL_AMOUNT" remarks=""/>
        <setColumnRemarks schemaName="SC_CREDIT" tableName="TA_LOAN" columnName="FN_FINANCE_CHARGE_AMOUNT" remarks=""/>
        <setColumnRemarks schemaName="SC_CREDIT" tableName="TA_LOAN" columnName="FN_PAID_INTEREST_AMOUNT" remarks=""/>
        <setColumnRemarks schemaName="SC_CREDIT" tableName="TA_LOAN" columnName="FN_PRINCIPAL_BALANCE" remarks=""/>
        <setColumnRemarks schemaName="SC_CREDIT" tableName="TA_LOAN" columnName="FN_FINANCE_CHARGE_BALANCE" remarks=""/>
        <setColumnRemarks schemaName="SC_CREDIT" tableName="TA_LOAN" columnName="FN_ADDITIONAL_CHARGE_BALANCE" remarks=""/>
        <setColumnRemarks schemaName="SC_CREDIT" tableName="TA_LOAN" columnName="FD_ORIGINATION_DATE" remarks=""/>
        <setColumnRemarks schemaName="SC_CREDIT" tableName="TA_LOAN" columnName="FD_FIRST_PAYMENT" remarks=""/>
        <setColumnRemarks schemaName="SC_CREDIT" tableName="TA_LOAN" columnName="FD_DUE_DATE" remarks=""/>
        <setColumnRemarks schemaName="SC_CREDIT" tableName="TA_LOAN" columnName="FN_APR" remarks=""/>
        <setColumnRemarks schemaName="SC_CREDIT" tableName="TA_LOAN" columnName="FI_ADDITIONAL_STATUS" remarks=""/>
        <setColumnRemarks schemaName="SC_CREDIT" tableName="TA_LOAN" columnName="FI_CURRENT_BALANCE_SEQ" remarks=""/>
        <setColumnRemarks schemaName="SC_CREDIT" tableName="TA_LOAN" columnName="FN_INTEREST_RATE" remarks=""/>
        <setColumnRemarks schemaName="SC_CREDIT" tableName="TA_LOAN" columnName="FI_NUMBER_OF_PAYMENTS" remarks=""/>
        <setColumnRemarks schemaName="SC_CREDIT" tableName="TA_LOAN" columnName="FI_TERM_TYPE" remarks=""/>
        <setColumnRemarks schemaName="SC_CREDIT" tableName="TA_LOAN" columnName="FI_LOAN_STATUS_ID" remarks=""/>
        <setColumnRemarks schemaName="SC_CREDIT" tableName="TA_LOAN" columnName="FD_LOAN_STATUS_DATE" remarks=""/>
        <setColumnRemarks schemaName="SC_CREDIT" tableName="TA_LOAN" columnName="FC_SUBPRODUCT_ID" remarks=""/>
        <setColumnRemarks schemaName="SC_CREDIT" tableName="TA_LOAN" columnName="FI_ACCRUED_TYPE_ID" remarks=""/>
        <setColumnRemarks schemaName="SC_CREDIT" tableName="TA_LOAN" columnName="FI_RULE_ID" remarks=""/>
        <setColumnRemarks schemaName="SC_CREDIT" tableName="TA_LOAN" columnName="FC_END_USER" remarks=""/>
        <setColumnRemarks schemaName="SC_CREDIT" tableName="TA_LOAN" columnName="FD_OPERATION_DATE" remarks=""/>
        <setColumnRemarks schemaName="SC_CREDIT" tableName="TA_LOAN" columnName="FI_TRANSACTION" remarks=""/>
        <setColumnRemarks schemaName="SC_CREDIT" tableName="TA_LOAN" columnName="FD_LOAN_EFFECTIVE_DATE" remarks=""/>
        <setColumnRemarks schemaName="SC_CREDIT" tableName="TA_LOAN" columnName="FC_UUID_TRACKING" remarks=""/>
        <setColumnRemarks schemaName="SC_CREDIT" tableName="TA_LOAN" columnName="FC_IP_ADDRESS" remarks=""/>
        <setColumnRemarks schemaName="SC_CREDIT" tableName="TA_LOAN" columnName="FC_DEVICE" remarks=""/>
        <setColumnRemarks schemaName="SC_CREDIT" tableName="TA_LOAN" columnName="FC_USER" remarks=""/>
        <setColumnRemarks schemaName="SC_CREDIT" tableName="TA_LOAN" columnName="FD_CREATED_DATE" remarks=""/>
        <setColumnRemarks schemaName="SC_CREDIT" tableName="TA_LOAN" columnName="FD_MODIFICATION_DATE" remarks=""/>
        <setColumnRemarks schemaName="SC_CREDIT" tableName="TA_LOAN" columnName="FI_SUBTERM_TYPE_ID" remarks="SUBTERM TYPE THE LOAN"/>
        <rollback/>
    </changeSet>
</databaseChangeLog>
