<?xml version="1.0" encoding="UTF-8" standalone="yes"?>
<databaseChangeLog xmlns="http://www.liquibase.org/xml/ns/dbchangelog" xmlns:xsi="http://www.w3.org/2001/XMLSchema-instance" xsi:schemaLocation="http://www.liquibase.org/xml/ns/dbchangelog http://www.liquibase.org/xml/ns/dbchangelog/dbchangelog-3.8.xsd ">
    <changeSet id="HU-00001_TAG_CRTB_TA_LOAN_GLOBAL_DETAIL" author="1048168">
        <tagDatabase tag="HU-00001"/>
    </changeSet>
    <changeSet id="HU-00001_ID_CRTB_TA_LOAN_GLOBAL_DETAIL" author="1048168">
        <createTable tablespace="USERS" schemaName="SC_CREDIT" tableName="TA_LOAN_GLOBAL_DETAIL">
            <column name="FI_LOAN_ID" type="NUMBER(15)">
                <constraints nullable="false"/>
            </column>
            <column name="FI_ADMIN_CENTER_ID" type="NUMBER(8)">
                <constraints nullable="false"/>
            </column>
            <column name="FN_PAYMENT_AMOUNT" type="NUMBER(12,2)">
                <constraints nullable="false"/>
            </column>
            <column name="FN_LAST_PAYMENT_AMOUNT" type="NUMBER(12,2)">
                <constraints nullable="false"/>
            </column>
            <column name="FC_INTEREST_TYPE" type="VARCHAR2(15)">
                <constraints nullable="false"/>
            </column>
            <column name="FD_CACELLATION_DATE" type="DATE">
                <constraints nullable="false"/>
            </column>
            <column name="FN_TOTAL_PAID" type="NUMBER(12,2)">
                <constraints nullable="false"/>
            </column>
            <column name="FN_TOTAL_ACCRUED" type="NUMBER(12,2)">
                <constraints nullable="false"/>
            </column>
            <column name="FN_FULL_PAYMENT" type="NUMBER(12,2)">
                <constraints nullable="false"/>
            </column>
            <column name="FN_FULL_PAYMENT_DISCOUNT" type="NUMBER(12,2)" defaultValueComputed="0.0">
                <constraints nullable="false"/>
            </column>
            <column name="FN_ORIGINAL_INTEREST" type="NUMBER(12,2)">
                <constraints nullable="false"/>
            </column>
            <column name="FN_PAID_INTEREST_AMOUNT" type="NUMBER(12,2)">
                <constraints nullable="false"/>
            </column>
            <column name="FN_ACCRUED_INTEREST_BALANCE" type="NUMBER(12,2)">
                <constraints nullable="false"/>
            </column>
            <column name="FI_PAYED_PERIOD" type="INTEGER">
                <constraints nullable="false"/>
            </column>
            <column name="FI_ELAPSED_PERIOD" type="INTEGER">
                <constraints nullable="false"/>
            </column>
            <column name="FI_MISSED_PERIOD" type="INTEGER">
                <constraints nullable="false"/>
            </column>
            <column name="FD_ACCRUAL_START_DATE" type="DATE">
                <constraints nullable="false"/>
            </column>
            <column name="FN_OUTSTANDING_BALANCE" type="NUMBER(12,2)" defaultValueComputed="0.0">
                <constraints nullable="false"/>
            </column>
            <column name="FC_END_USER" type="VARCHAR2(10)" defaultValueComputed="0">
                <constraints nullable="false"/>
            </column>
            <column name="FI_LOAN_INSURANCE_ID" type="NUMBER(15)">
                <constraints nullable="true"/>
            </column>
            <column name="FC_UUID_TRACKING" type="VARCHAR2(36)">
                <constraints nullable="false"/>
            </column>
            <column name="FC_IP_ADDRESS" type="VARCHAR2(39)" defaultValueComputed="'127.0.0.1'">
                <constraints nullable="false"/>
            </column>
            <column name="FC_DEVICE" type="VARCHAR2(50)">
                <constraints nullable="false"/>
            </column>
            <column name="FC_USER" type="VARCHAR2(30)" defaultValueComputed="USER">
                <constraints nullable="false"/>
            </column>
            <column name="FD_CREATED_DATE" type="DATE" defaultValueComputed="SYSDATE">
                <constraints nullable="false"/>
            </column>
            <column name="FD_MODIFICATION_DATE" type="DATE" defaultValueComputed="SYSDATE">
                <constraints nullable="false"/>
            </column>
        </createTable>
        <modifySql>
            <append value=" PARTITION BY RANGE (FI_ADMIN_CENTER_ID) ( PARTITION PAR_LOANGLOBALDTAIL_P1 VALUES LESS THAN (351) TABLESPACE USERS,  PARTITION PAR_LOANGLOBALDTAIL_P2 VALUES LESS THAN (702) TABLESPACE USERS,  PARTITION PAR_LOANGLOBALDTAIL_P3 VALUES LESS THAN (1053) TABLESPACE USERS,  PARTITION PAR_LOANGLOBALDTAIL_P4 VALUES LESS THAN (1404) TABLESPACE USERS,  PARTITION PAR_LOANGLOBALDTAIL_P5 VALUES LESS THAN (1755) TABLESPACE USERS,  PARTITION PAR_LOANGLOBALDTAIL_P6 VALUES LESS THAN (2106) TABLESPACE USERS,  PARTITION PAR_LOANGLOBALDTAIL_P7 VALUES LESS THAN (2457) TABLESPACE USERS,  PARTITION PAR_LOANGLOBALDTAIL_P8 VALUES LESS THAN (2808) TABLESPACE USERS,  PARTITION PAR_LOANGLOBALDTAIL_P9 VALUES LESS THAN (3159) TABLESPACE USERS,  PARTITION PAR_LOANGLOBALDTAIL_P10 VALUES LESS THAN (3510) TABLESPACE USERS,  PARTITION PAR_LOANGLOBALDTAIL_P11 VALUES LESS THAN (3861) TABLESPACE USERS,  PARTITION PAR_LOANGLOBALDTAIL_P12 VALUES LESS THAN (4212) TABLESPACE USERS,  PARTITION PAR_LOANGLOBALDTAIL_P13 VALUES LESS THAN (4563) TABLESPACE USERS,  PARTITION PAR_LOANGLOBALDTAIL_P14 VALUES LESS THAN (4914) TABLESPACE USERS,  PARTITION PAR_LOANGLOBALDTAIL_P15 VALUES LESS THAN (5265) TABLESPACE USERS,  PARTITION PAR_LOANGLOBALDTAIL_P16 VALUES LESS THAN (5616) TABLESPACE USERS,  PARTITION PAR_LOANGLOBALDTAIL_P17 VALUES LESS THAN (5967) TABLESPACE USERS,  PARTITION PAR_LOANGLOBALDTAIL_P18 VALUES LESS THAN (6318) TABLESPACE USERS,  PARTITION PAR_LOANGLOBALDTAIL_P19 VALUES LESS THAN (6669) TABLESPACE USERS,  PARTITION PAR_LOANGLOBALDTAIL_P20 VALUES LESS THAN (7020) TABLESPACE USERS,  PARTITION PAR_LOANGLOBALDTAIL_P21 VALUES LESS THAN (7371) TABLESPACE USERS,  PARTITION PAR_LOANGLOBALDTAIL_P22 VALUES LESS THAN (7722) TABLESPACE USERS,  PARTITION PAR_LOANGLOBALDTAIL_P23 VALUES LESS THAN (8073) TABLESPACE USERS,  PARTITION PAR_LOANGLOBALDTAIL_P24 VALUES LESS THAN (8424) TABLESPACE USERS,  PARTITION PAR_LOANGLOBALDTAIL_P25 VALUES LESS THAN (8775) TABLESPACE USERS,  PARTITION PAR_LOANGLOBALDTAIL_P26 VALUES LESS THAN (9126) TABLESPACE USERS,  PARTITION PAR_LOANGLOBALDTAIL_P27 VALUES LESS THAN (9477) TABLESPACE USERS,  PARTITION PAR_LOANGLOBALDTAIL_P28 VALUES LESS THAN (9828) TABLESPACE USERS,  PARTITION PAR_LOANGLOBALDTAIL_P29 VALUES LESS THAN (10179) TABLESPACE USERS,  PARTITION PAR_LOANGLOBALDTAIL_P30 VALUES LESS THAN (10530) TABLESPACE USERS) ENABLE ROW MOVEMENT "/>
        </modifySql>
    </changeSet>
    <changeSet id="HU-00001_ID_REMARKS_TA_LOAN_GLOBAL_DETAIL" author="1048168">
        <setColumnRemarks schemaName="SC_CREDIT" tableName="TA_LOAN_GLOBAL_DETAIL" columnName="FI_LOAN_ID" remarks=""/>
        <setColumnRemarks schemaName="SC_CREDIT" tableName="TA_LOAN_GLOBAL_DETAIL" columnName="FI_ADMIN_CENTER_ID" remarks=""/>
        <setColumnRemarks schemaName="SC_CREDIT" tableName="TA_LOAN_GLOBAL_DETAIL" columnName="FN_PAYMENT_AMOUNT" remarks=""/>
        <setColumnRemarks schemaName="SC_CREDIT" tableName="TA_LOAN_GLOBAL_DETAIL" columnName="FN_LAST_PAYMENT_AMOUNT" remarks=""/>
        <setColumnRemarks schemaName="SC_CREDIT" tableName="TA_LOAN_GLOBAL_DETAIL" columnName="FC_INTEREST_TYPE" remarks=""/>
        <setColumnRemarks schemaName="SC_CREDIT" tableName="TA_LOAN_GLOBAL_DETAIL" columnName="FD_CACELLATION_DATE" remarks=""/>
        <setColumnRemarks schemaName="SC_CREDIT" tableName="TA_LOAN_GLOBAL_DETAIL" columnName="FN_TOTAL_PAID" remarks=""/>
        <setColumnRemarks schemaName="SC_CREDIT" tableName="TA_LOAN_GLOBAL_DETAIL" columnName="FN_TOTAL_ACCRUED" remarks=""/>
        <setColumnRemarks schemaName="SC_CREDIT" tableName="TA_LOAN_GLOBAL_DETAIL" columnName="FN_FULL_PAYMENT" remarks=""/>
        <setColumnRemarks schemaName="SC_CREDIT" tableName="TA_LOAN_GLOBAL_DETAIL" columnName="FN_FULL_PAYMENT_DISCOUNT" remarks=""/>
        <setColumnRemarks schemaName="SC_CREDIT" tableName="TA_LOAN_GLOBAL_DETAIL" columnName="FN_ORIGINAL_INTEREST" remarks=""/>
        <setColumnRemarks schemaName="SC_CREDIT" tableName="TA_LOAN_GLOBAL_DETAIL" columnName="FN_PAID_INTEREST_AMOUNT" remarks=""/>
        <setColumnRemarks schemaName="SC_CREDIT" tableName="TA_LOAN_GLOBAL_DETAIL" columnName="FN_ACCRUED_INTEREST_BALANCE" remarks=""/>
        <setColumnRemarks schemaName="SC_CREDIT" tableName="TA_LOAN_GLOBAL_DETAIL" columnName="FI_PAYED_PERIOD" remarks=""/>
        <setColumnRemarks schemaName="SC_CREDIT" tableName="TA_LOAN_GLOBAL_DETAIL" columnName="FI_ELAPSED_PERIOD" remarks=""/>
        <setColumnRemarks schemaName="SC_CREDIT" tableName="TA_LOAN_GLOBAL_DETAIL" columnName="FI_MISSED_PERIOD" remarks=""/>
        <setColumnRemarks schemaName="SC_CREDIT" tableName="TA_LOAN_GLOBAL_DETAIL" columnName="FD_ACCRUAL_START_DATE" remarks=""/>
        <setColumnRemarks schemaName="SC_CREDIT" tableName="TA_LOAN_GLOBAL_DETAIL" columnName="FN_OUTSTANDING_BALANCE" remarks=""/>
        <setColumnRemarks schemaName="SC_CREDIT" tableName="TA_LOAN_GLOBAL_DETAIL" columnName="FC_END_USER" remarks=""/>
        <setColumnRemarks schemaName="SC_CREDIT" tableName="TA_LOAN_GLOBAL_DETAIL" columnName="FI_LOAN_INSURANCE_ID" remarks=""/>
        <setColumnRemarks schemaName="SC_CREDIT" tableName="TA_LOAN_GLOBAL_DETAIL" columnName="FC_UUID_TRACKING" remarks=""/>
        <setColumnRemarks schemaName="SC_CREDIT" tableName="TA_LOAN_GLOBAL_DETAIL" columnName="FC_IP_ADDRESS" remarks=""/>
        <setColumnRemarks schemaName="SC_CREDIT" tableName="TA_LOAN_GLOBAL_DETAIL" columnName="FC_DEVICE" remarks=""/>
        <setColumnRemarks schemaName="SC_CREDIT" tableName="TA_LOAN_GLOBAL_DETAIL" columnName="FC_USER" remarks=""/>
        <setColumnRemarks schemaName="SC_CREDIT" tableName="TA_LOAN_GLOBAL_DETAIL" columnName="FD_CREATED_DATE" remarks=""/>
        <setColumnRemarks schemaName="SC_CREDIT" tableName="TA_LOAN_GLOBAL_DETAIL" columnName="FD_MODIFICATION_DATE" remarks=""/>
        <rollback/>
    </changeSet>
</databaseChangeLog>
