<?xml version="1.0" encoding="UTF-8" standalone="yes"?>
<databaseChangeLog xmlns="http://www.liquibase.org/xml/ns/dbchangelog" xmlns:xsi="http://www.w3.org/2001/XMLSchema-instance" xsi:schemaLocation="http://www.liquibase.org/xml/ns/dbchangelog http://www.liquibase.org/xml/ns/dbchangelog/dbchangelog-3.8.xsd ">
    <changeSet id="HU-00001_TAG_CRTB_TA_LOAN_OPERATION_REF_PAYMENT" author="1048168">
        <tagDatabase tag="HU-00001"/>
    </changeSet>
    <changeSet id="HU-00001_ID_CRTB_TA_LOAN_OPERATION_REF_PAYMENT" author="1048168">
        <createTable tablespace="USERS" remarks="Table to record the transaction payment reference" schemaName="SC_CREDIT" tableName="TA_LOAN_OPERATION_REF_PAYMENT">
            <column name="FI_LOAN_OPERATION_REF_PAYMENT_ID" type="NUMBER(15)" remarks="">
                <constraints nullable="false"/>
            </column>
            <column name="FI_LOAN_ID" type="NUMBER(15)" remarks="Identifier of the Loan">
                <constraints nullable="false"/>
            </column>
            <column name="FI_ADMIN_CENTER_ID" type="NUMBER(8)" remarks="Management Center">
                <constraints nullable="false"/>
            </column>
            <column name="FI_OPERATION_REF_ID" type="NUMBER(15)" remarks="ID of Operation requesting reverse of previous operation">
                <constraints nullable="false"/>
            </column>
            <column name="FC_REFERENCE_ID" type="VARCHAR2(36)" remarks="Identifier of reference payment">
                <constraints nullable="true"/>
            </column>
            <column name="FC_USER" type="VARCHAR2(30)" defaultValueComputed="USER" remarks="">
                <constraints nullable="false"/>
            </column>
            <column name="FC_IP_ADDRESS" type="VARCHAR2(39)" defaultValueComputed="'127.0.0.1'" remarks="">
                <constraints nullable="false"/>
            </column>
            <column name="FD_CREATED_DATE" type="DATE" defaultValueComputed="SYSDATE" remarks="">
                <constraints nullable="false"/>
            </column>
            <column name="FD_MODIFICATION_DATE" type="DATE" defaultValueComputed="SYSDATE" remarks="">
                <constraints nullable="false"/>
            </column>
            <column name="FC_UUID_TRACKING" type="VARCHAR2(36)" remarks="">
                <constraints nullable="false"/>
            </column>
        </createTable>
    </changeSet>
</databaseChangeLog>
