<?xml version="1.0" encoding="UTF-8" standalone="yes"?>
<databaseChangeLog xmlns="http://www.liquibase.org/xml/ns/dbchangelog" xmlns:xsi="http://www.w3.org/2001/XMLSchema-instance" xsi:schemaLocation="http://www.liquibase.org/xml/ns/dbchangelog http://www.liquibase.org/xml/ns/dbchangelog/dbchangelog-3.8.xsd ">
    <changeSet id="HU-00001_TAG_ALTB_CONST_TA_LOAN" author="1048168">
        <tagDatabase tag="HU-00001"/>
    </changeSet>
    <changeSet id="HU-00001_ID_ALTB_PK_PK_LOAN" author="1048168">
        <addPrimaryKey columnNames="FI_LOAN_ID, FI_ADMIN_CENTER_ID" constraintName="PK_LOAN" forIndexSchemaName="SC_CREDIT" forIndexName="IXPK_LOAN" schemaName="SC_CREDIT" tableName="TA_LOAN"/>
        <rollback>
            <dropPrimaryKey constraintName="PK_LOAN" schemaName="SC_CREDIT" tableName="TA_LOAN" dropIndex="false"/>
        </rollback>
    </changeSet>
    <changeSet id="HU-00001_ID_ALTB_FK_FK_LOAN_04" author="1048168">
        <addForeignKeyConstraint baseTableSchemaName="SC_CREDIT" baseTableName="TA_LOAN" baseColumnNames="FI_ADMIN_CENTER_ID, FI_BUSINESS_UNIT_ID, FI_COMPANY_ID, FI_COUNTRY_ID" constraintName="FK_LOAN_04" referencedTableSchemaName="SC_CREDIT" referencedTableName="TC_CENTER" referencedColumnNames="FI_CENTER_ID, FI_BUSINESS_UNIT_ID, FI_COMPANY_ID, FI_COUNTRY_ID"/>
        <rollback>
            <dropForeignKeyConstraint baseTableSchemaName="SC_CREDIT" baseTableName="TA_LOAN" constraintName="FK_LOAN_04"/>
        </rollback>
    </changeSet>
    <changeSet id="HU-00001_ID_ALTB_FK_FK_LOAN_01" author="1048168">
        <addForeignKeyConstraint baseTableSchemaName="SC_CREDIT" baseTableName="TA_LOAN" baseColumnNames="FI_BUSINESS_UNIT_ID, FI_COMPANY_ID, FI_COUNTRY_ID" constraintName="FK_LOAN_01" referencedTableSchemaName="SC_CREDIT" referencedTableName="TC_BUSINESS_UNIT" referencedColumnNames="FI_BUSINESS_UNIT_ID, FI_COMPANY_ID, FI_COUNTRY_ID"/>
        <rollback>
            <dropForeignKeyConstraint baseTableSchemaName="SC_CREDIT" baseTableName="TA_LOAN" constraintName="FK_LOAN_01"/>
        </rollback>
    </changeSet>
    <changeSet id="HU-00001_ID_ALTB_FK_FK_LOAN_06" author="1048168">
        <addForeignKeyConstraint baseTableSchemaName="SC_CREDIT" baseTableName="TA_LOAN" baseColumnNames="FI_PRODUCT_ID" constraintName="FK_LOAN_06" referencedTableSchemaName="SC_CREDIT" referencedTableName="TC_PRODUCT" referencedColumnNames="FI_PRODUCT_ID"/>
        <rollback>
            <dropForeignKeyConstraint baseTableSchemaName="SC_CREDIT" baseTableName="TA_LOAN" constraintName="FK_LOAN_06"/>
        </rollback>
    </changeSet>
    <changeSet id="HU-00001_ID_ALTB_FK_FK_LOAN_07" author="1048168">
        <addForeignKeyConstraint baseTableSchemaName="SC_CREDIT" baseTableName="TA_LOAN" baseColumnNames="FI_TERM_TYPE" constraintName="FK_LOAN_07" referencedTableSchemaName="SC_CREDIT" referencedTableName="TC_TERM_TYPE" referencedColumnNames="FI_TERM_TYPE_ID"/>
        <rollback>
            <dropForeignKeyConstraint baseTableSchemaName="SC_CREDIT" baseTableName="TA_LOAN" constraintName="FK_LOAN_07"/>
        </rollback>
    </changeSet>
    <changeSet id="HU-00001_ID_ALTB_FK_FK_LOAN_05" author="1048168">
        <addForeignKeyConstraint baseTableSchemaName="SC_CREDIT" baseTableName="TA_LOAN" baseColumnNames="FI_LOAN_STATUS_ID" constraintName="FK_LOAN_05" referencedTableSchemaName="SC_CREDIT" referencedTableName="TC_LOAN_STATUS" referencedColumnNames="FI_LOAN_STATUS_ID"/>
        <rollback>
            <dropForeignKeyConstraint baseTableSchemaName="SC_CREDIT" baseTableName="TA_LOAN" constraintName="FK_LOAN_05"/>
        </rollback>
    </changeSet>
    <changeSet id="HU-00001_ID_ALTB_FK_FK_LOAN_03" author="1048168">
        <addForeignKeyConstraint baseTableSchemaName="SC_CREDIT" baseTableName="TA_LOAN" baseColumnNames="FI_ACCRUED_TYPE_ID" constraintName="FK_LOAN_03" referencedTableSchemaName="SC_CREDIT" referencedTableName="TC_ACCRUED_TYPE" referencedColumnNames="FI_ACCRUED_TYPE_ID"/>
        <rollback>
            <dropForeignKeyConstraint baseTableSchemaName="SC_CREDIT" baseTableName="TA_LOAN" constraintName="FK_LOAN_03"/>
        </rollback>
    </changeSet>
    <changeSet id="HU-00001_ID_ALTB_FK_FK_LOAN_08" author="1048168">
        <addForeignKeyConstraint baseTableSchemaName="SC_CREDIT" baseTableName="TA_LOAN" baseColumnNames="FI_SUBTERM_TYPE_ID" constraintName="FK_LOAN_08" referencedTableSchemaName="SC_CREDIT" referencedTableName="TC_SUBTERM_TYPE" referencedColumnNames="FI_SUBTERM_TYPE_ID"/>
        <rollback>
            <dropForeignKeyConstraint baseTableSchemaName="SC_CREDIT" baseTableName="TA_LOAN" constraintName="FK_LOAN_08"/>
        </rollback>
    </changeSet>
</databaseChangeLog>
