<?xml version="1.0" encoding="UTF-8" standalone="yes"?>
<databaseChangeLog xmlns="http://www.liquibase.org/xml/ns/dbchangelog" xmlns:xsi="http://www.w3.org/2001/XMLSchema-instance" xsi:schemaLocation="http://www.liquibase.org/xml/ns/dbchangelog http://www.liquibase.org/xml/ns/dbchangelog/dbchangelog-3.8.xsd ">
    <changeSet id="HU-00001_TAG_ALTB_CONST_TA_LOAN_INSURANCE" author="1048168">
        <tagDatabase tag="HU-00001"/>
    </changeSet>
    <changeSet id="HU-00001_ID_ALTB_PK_PK_LOAN_INSURANCE" author="1048168">
        <addPrimaryKey columnNames="FI_LOAN_ID, FI_ADMIN_CENTER_ID" constraintName="PK_LOAN_INSURANCE" forIndexSchemaName="SC_CREDIT" forIndexName="IXPK_LOAN_INSURANCE" schemaName="SC_CREDIT" tableName="TA_LOAN_INSURANCE"/>
        <rollback>
            <dropPrimaryKey constraintName="PK_LOAN_INSURANCE" schemaName="SC_CREDIT" tableName="TA_LOAN_INSURANCE" dropIndex="false"/>
        </rollback>
    </changeSet>
    <changeSet id="HU-00001_ID_ALTB_FK_FK_LOAN_INSURANCE_01" author="1048168">
        <addForeignKeyConstraint baseTableSchemaName="SC_CREDIT" baseTableName="TA_LOAN_INSURANCE" baseColumnNames="FI_LOAN_ID, FI_ADMIN_CENTER_ID" constraintName="FK_LOAN_INSURANCE_01" referencedTableSchemaName="SC_CREDIT" referencedTableName="TA_LOAN" referencedColumnNames="FI_LOAN_ID, FI_ADMIN_CENTER_ID"/>
        <rollback>
            <dropForeignKeyConstraint baseTableSchemaName="SC_CREDIT" baseTableName="TA_LOAN_INSURANCE" constraintName="FK_LOAN_INSURANCE_01"/>
        </rollback>
    </changeSet>
    <changeSet id="HU-00001_ID_ALTB_UNIQUE_CONS_UQ_LOAN_INSURANCE" author="1048168">
        <addUniqueConstraint columnNames="FI_LOAN_INSURANCE_ID" constraintName="UQ_LOAN_INSURANCE" forIndexSchemaName="SC_CREDIT" forIndexName="IX_LOAN_INSURANCE_01" schemaName="SC_CREDIT" tableName="TA_LOAN_INSURANCE"/>
        <rollback>
            <sql>ALTER TABLE SC_CREDIT.TA_LOAN_INSURANCE DROP CONSTRAINT UQ_LOAN_INSURANCE KEEP INDEX</sql>
        </rollback>
    </changeSet>
</databaseChangeLog>
