<?xml version="1.0" encoding="UTF-8" standalone="yes"?>
<databaseChangeLog xmlns="http://www.liquibase.org/xml/ns/dbchangelog" xmlns:xsi="http://www.w3.org/2001/XMLSchema-instance" xsi:schemaLocation="http://www.liquibase.org/xml/ns/dbchangelog http://www.liquibase.org/xml/ns/dbchangelog/dbchangelog-3.8.xsd ">
    <changeSet id="HU-00001_TAG_CRTB_TA_LOAN_INTEREST" author="1048168">
        <tagDatabase tag="HU-00001"/>
    </changeSet>
    <changeSet id="HU-00001_ID_CRTB_TA_LOAN_INTEREST" author="1048168">
        <createTable tablespace="USERS" schemaName="SC_CREDIT" tableName="TA_LOAN_INTEREST">
            <column name="FI_LOAN_ID" type="NUMBER(15)">
                <constraints nullable="false"/>
            </column>
            <column name="FI_ADMIN_CENTER_ID" type="NUMBER(8)">
                <constraints nullable="false"/>
            </column>
            <column name="FI_PAYMENT_NUMBER_ID" type="NUMBER(3)">
                <constraints nullable="false"/>
            </column>
            <column name="FI_DAYS_ACUM_BY_TERM" type="NUMBER(4)">
                <constraints nullable="false"/>
            </column>
            <column name="FI_PAYMENT_SCHEDULE_ID" type="NUMBER(8)">
                <constraints nullable="false"/>
            </column>
            <column name="FN_DAILY_INTEREST" type="NUMBER(15,5)">
                <constraints nullable="false"/>
            </column>
            <column name="FN_ACCRUED_INTEREST_BALANCE" type="NUMBER(15,5)">
                <constraints nullable="false"/>
            </column>
            <column name="FN_ACCRUED_INTEREST_LOAN" type="NUMBER(15,5)">
                <constraints nullable="false"/>
            </column>
            <column name="FN_PAYMENT_INTEREST" type="NUMBER(15,5)">
                <constraints nullable="false"/>
            </column>
            <column name="FC_CONDITION_INTEREST" type="VARCHAR2(50)">
                <constraints nullable="false"/>
            </column>
            <column name="FD_OPERATION_DATE" type="DATE" defaultValueComputed="SYSDATE">
                <constraints nullable="false"/>
            </column>
            <column name="FD_APPLICATION_DATE" type="DATE" defaultValueComputed="SYSDATE">
                <constraints nullable="false"/>
            </column>
            <column name="FC_USER" type="VARCHAR2(30)" defaultValueComputed="USER">
                <constraints nullable="false"/>
            </column>
            <column name="FD_CREATED_DATE" type="DATE" defaultValueComputed="SYSDATE">
                <constraints nullable="false"/>
            </column>
            <column name="FD_MODIFICATION_DATE" type="DATE" defaultValueComputed="SYSDATE">
                <constraints nullable="false"/>
            </column>
            <column name="FI_FLAG_AFFECT" type="NUMBER(3)">
                <constraints nullable="false"/>
            </column>
            <column name="FI_STATUS_INTEREST" type="NUMBER(3)">
                <constraints nullable="false"/>
            </column>
            <column name="FN_REMAIN" type="NUMBER(15,5)">
                <constraints nullable="false"/>
            </column>
        </createTable>
        <modifySql>
            <append value=" PARTITION BY RANGE (FI_ADMIN_CENTER_ID) ( PARTITION PAR_LOANINTEREST_P1 VALUES LESS THAN (401) TABLESPACE USERS,  PARTITION PAR_LOANINTEREST_P2 VALUES LESS THAN (802) TABLESPACE USERS,  PARTITION PAR_LOANINTEREST_P3 VALUES LESS THAN (1203) TABLESPACE USERS,  PARTITION PAR_LOANINTEREST_P4 VALUES LESS THAN (1604) TABLESPACE USERS,  PARTITION PAR_LOANINTEREST_P5 VALUES LESS THAN (2005) TABLESPACE USERS,  PARTITION PAR_LOANINTEREST_P6 VALUES LESS THAN (2406) TABLESPACE USERS,  PARTITION PAR_LOANINTEREST_P7 VALUES LESS THAN (2807) TABLESPACE USERS,  PARTITION PAR_LOANINTEREST_P8 VALUES LESS THAN (3208) TABLESPACE USERS,  PARTITION PAR_LOANINTEREST_P9 VALUES LESS THAN (3609) TABLESPACE USERS,  PARTITION PAR_LOANINTEREST_P10 VALUES LESS THAN (4010) TABLESPACE USERS,  PARTITION PAR_LOANINTEREST_P11 VALUES LESS THAN (4411) TABLESPACE USERS,  PARTITION PAR_LOANINTEREST_P12 VALUES LESS THAN (4812) TABLESPACE USERS,  PARTITION PAR_LOANINTEREST_P13 VALUES LESS THAN (5213) TABLESPACE USERS,  PARTITION PAR_LOANINTEREST_P14 VALUES LESS THAN (5614) TABLESPACE USERS,  PARTITION PAR_LOANINTEREST_P15 VALUES LESS THAN (6015) TABLESPACE USERS,  PARTITION PAR_LOANINTEREST_P16 VALUES LESS THAN (6416) TABLESPACE USERS,  PARTITION PAR_LOANINTEREST_P17 VALUES LESS THAN (6817) TABLESPACE USERS,  PARTITION PAR_LOANINTEREST_P18 VALUES LESS THAN (7218) TABLESPACE USERS,  PARTITION PAR_LOANINTEREST_P19 VALUES LESS THAN (7619) TABLESPACE USERS,  PARTITION PAR_LOANINTEREST_P20 VALUES LESS THAN (8020) TABLESPACE USERS,  PARTITION PAR_LOANINTEREST_P21 VALUES LESS THAN (8421) TABLESPACE USERS,  PARTITION PAR_LOANINTEREST_P22 VALUES LESS THAN (8822) TABLESPACE USERS,  PARTITION PAR_LOANINTEREST_P23 VALUES LESS THAN (9223) TABLESPACE USERS,  PARTITION PAR_LOANINTEREST_P24 VALUES LESS THAN (9624) TABLESPACE USERS,  PARTITION PAR_LOANINTEREST_P25 VALUES LESS THAN (10025) TABLESPACE USERS,  PARTITION PAR_LOANINTEREST_P26 VALUES LESS THAN (10426) TABLESPACE USERS) ENABLE ROW MOVEMENT "/>
        </modifySql>
    </changeSet>
    <changeSet id="HU-00001_ID_REMARKS_TA_LOAN_INTEREST" author="1048168">
        <setColumnRemarks schemaName="SC_CREDIT" tableName="TA_LOAN_INTEREST" columnName="FI_LOAN_ID" remarks=""/>
        <setColumnRemarks schemaName="SC_CREDIT" tableName="TA_LOAN_INTEREST" columnName="FI_ADMIN_CENTER_ID" remarks=""/>
        <setColumnRemarks schemaName="SC_CREDIT" tableName="TA_LOAN_INTEREST" columnName="FI_PAYMENT_NUMBER_ID" remarks=""/>
        <setColumnRemarks schemaName="SC_CREDIT" tableName="TA_LOAN_INTEREST" columnName="FI_DAYS_ACUM_BY_TERM" remarks=""/>
        <setColumnRemarks schemaName="SC_CREDIT" tableName="TA_LOAN_INTEREST" columnName="FI_PAYMENT_SCHEDULE_ID" remarks="Loan payment schedule number"/>
        <setColumnRemarks schemaName="SC_CREDIT" tableName="TA_LOAN_INTEREST" columnName="FN_DAILY_INTEREST" remarks=""/>
        <setColumnRemarks schemaName="SC_CREDIT" tableName="TA_LOAN_INTEREST" columnName="FN_ACCRUED_INTEREST_BALANCE" remarks=""/>
        <setColumnRemarks schemaName="SC_CREDIT" tableName="TA_LOAN_INTEREST" columnName="FN_ACCRUED_INTEREST_LOAN" remarks=""/>
        <setColumnRemarks schemaName="SC_CREDIT" tableName="TA_LOAN_INTEREST" columnName="FN_PAYMENT_INTEREST" remarks=""/>
        <setColumnRemarks schemaName="SC_CREDIT" tableName="TA_LOAN_INTEREST" columnName="FC_CONDITION_INTEREST" remarks=""/>
        <setColumnRemarks schemaName="SC_CREDIT" tableName="TA_LOAN_INTEREST" columnName="FD_OPERATION_DATE" remarks=""/>
        <setColumnRemarks schemaName="SC_CREDIT" tableName="TA_LOAN_INTEREST" columnName="FD_APPLICATION_DATE" remarks=""/>
        <setColumnRemarks schemaName="SC_CREDIT" tableName="TA_LOAN_INTEREST" columnName="FC_USER" remarks=""/>
        <setColumnRemarks schemaName="SC_CREDIT" tableName="TA_LOAN_INTEREST" columnName="FD_CREATED_DATE" remarks=""/>
        <setColumnRemarks schemaName="SC_CREDIT" tableName="TA_LOAN_INTEREST" columnName="FD_MODIFICATION_DATE" remarks=""/>
        <setColumnRemarks schemaName="SC_CREDIT" tableName="TA_LOAN_INTEREST" columnName="FI_FLAG_AFFECT" remarks="Affectation for payment or void"/>
        <setColumnRemarks schemaName="SC_CREDIT" tableName="TA_LOAN_INTEREST" columnName="FI_STATUS_INTEREST" remarks="Status interest for period number"/>
        <setColumnRemarks schemaName="SC_CREDIT" tableName="TA_LOAN_INTEREST" columnName="FN_REMAIN" remarks="Remain for payment"/>
        <rollback/>
    </changeSet>
</databaseChangeLog>
