<?xml version="1.0" encoding="UTF-8" standalone="yes"?>
<databaseChangeLog xmlns="http://www.liquibase.org/xml/ns/dbchangelog" xmlns:xsi="http://www.w3.org/2001/XMLSchema-instance" xsi:schemaLocation="http://www.liquibase.org/xml/ns/dbchangelog http://www.liquibase.org/xml/ns/dbchangelog/dbchangelog-3.8.xsd ">
    <changeSet id="HU-00001_TAG_CRTB_TA_LOAN_STATUS_DETAIL" author="1048168">
        <tagDatabase tag="HU-00001"/>
    </changeSet>
    <changeSet id="HU-00001_ID_CRTB_TA_LOAN_STATUS_DETAIL" author="1048168">
        <createTable tablespace="USERS" schemaName="SC_CREDIT" tableName="TA_LOAN_STATUS_DETAIL">
            <column name="FI_REGISTRATION_NUMBER" type="NUMBER(12)">
                <constraints nullable="false"/>
            </column>
            <column name="FI_ADMIN_CENTER_ID" type="NUMBER(8)">
                <constraints nullable="false"/>
            </column>
            <column name="FI_LOAN_ID" type="NUMBER(15)">
                <constraints nullable="false"/>
            </column>
            <column name="FI_LOAN_STATUS_ID" type="NUMBER(5)">
                <constraints nullable="false"/>
            </column>
            <column name="FI_ACTION_DETAIL_ID" type="NUMBER(3)">
                <constraints nullable="false"/>
            </column>
            <column name="FI_COUNTER_DAY" type="NUMBER(5)">
                <constraints nullable="false"/>
            </column>
            <column name="FD_INITIAL_DATE" type="DATE">
                <constraints nullable="false"/>
            </column>
            <column name="FI_PAYMENT_NUMBER_ID" type="NUMBER(8)">
                <constraints nullable="false"/>
            </column>
            <column name="FD_FINAL_DATE" type="DATE">
                <constraints nullable="true"/>
            </column>
            <column name="FI_ON_OFF" type="NUMBER(3)">
                <constraints nullable="false"/>
            </column>
            <column name="FC_USER" type="VARCHAR2(30)" defaultValueComputed="USER">
                <constraints nullable="false"/>
            </column>
            <column name="FD_CREATED_DATE" type="DATE" defaultValueComputed="SYSDATE">
                <constraints nullable="false"/>
            </column>
            <column name="FD_MODIFICATION_DATE" type="DATE" defaultValueComputed="SYSDATE">
                <constraints nullable="false"/>
            </column>
        </createTable>
        <modifySql>
            <append value=" PARTITION BY RANGE (FI_ADMIN_CENTER_ID) ( PARTITION PAR_LOAN_STATUS_P1 VALUES LESS THAN (401) TABLESPACE USERS,  PARTITION PAR_LOAN_STATUS_P2 VALUES LESS THAN (802) TABLESPACE USERS,  PARTITION PAR_LOAN_STATUS_P3 VALUES LESS THAN (1203) TABLESPACE USERS,  PARTITION PAR_LOAN_STATUS_P4 VALUES LESS THAN (1604) TABLESPACE USERS,  PARTITION PAR_LOAN_STATUS_P5 VALUES LESS THAN (2005) TABLESPACE USERS,  PARTITION PAR_LOAN_STATUS_P6 VALUES LESS THAN (2406) TABLESPACE USERS,  PARTITION PAR_LOAN_STATUS_P7 VALUES LESS THAN (2807) TABLESPACE USERS,  PARTITION PAR_LOAN_STATUS_P8 VALUES LESS THAN (3208) TABLESPACE USERS,  PARTITION PAR_LOAN_STATUS_P9 VALUES LESS THAN (3609) TABLESPACE USERS,  PARTITION PAR_LOAN_STATUS_P10 VALUES LESS THAN (4010) TABLESPACE USERS,  PARTITION PAR_LOAN_STATUS_P11 VALUES LESS THAN (4411) TABLESPACE USERS,  PARTITION PAR_LOAN_STATUS_P12 VALUES LESS THAN (4812) TABLESPACE USERS,  PARTITION PAR_LOAN_STATUS_P13 VALUES LESS THAN (5213) TABLESPACE USERS,  PARTITION PAR_LOAN_STATUS_P14 VALUES LESS THAN (5614) TABLESPACE USERS,  PARTITION PAR_LOAN_STATUS_P15 VALUES LESS THAN (6015) TABLESPACE USERS,  PARTITION PAR_LOAN_STATUS_P16 VALUES LESS THAN (6416) TABLESPACE USERS,  PARTITION PAR_LOAN_STATUS_P17 VALUES LESS THAN (6817) TABLESPACE USERS,  PARTITION PAR_LOAN_STATUS_P18 VALUES LESS THAN (7218) TABLESPACE USERS,  PARTITION PAR_LOAN_STATUS_P19 VALUES LESS THAN (7619) TABLESPACE USERS,  PARTITION PAR_LOAN_STATUS_P20 VALUES LESS THAN (8020) TABLESPACE USERS,  PARTITION PAR_LOAN_STATUS_P21 VALUES LESS THAN (8421) TABLESPACE USERS,  PARTITION PAR_LOAN_STATUS_P22 VALUES LESS THAN (8822) TABLESPACE USERS,  PARTITION PAR_LOAN_STATUS_P23 VALUES LESS THAN (9223) TABLESPACE USERS,  PARTITION PAR_LOAN_STATUS_P24 VALUES LESS THAN (9624) TABLESPACE USERS,  PARTITION PAR_LOAN_STATUS_P25 VALUES LESS THAN (10025) TABLESPACE USERS,  PARTITION PAR_LOAN_STATUS_P26 VALUES LESS THAN (MAXVALUE) TABLESPACE USERS) ENABLE ROW MOVEMENT "/>
        </modifySql>
    </changeSet>
    <changeSet id="HU-00001_ID_REMARKS_TA_LOAN_STATUS_DETAIL" author="1048168">
        <setTableRemarks schemaName="SC_CREDIT" tableName="TA_LOAN_STATUS_DETAIL" remarks="Table containing the details of the Loan status changes"/>
        <setColumnRemarks schemaName="SC_CREDIT" tableName="TA_LOAN_STATUS_DETAIL" columnName="FI_REGISTRATION_NUMBER" remarks="Loan Record Number"/>
        <setColumnRemarks schemaName="SC_CREDIT" tableName="TA_LOAN_STATUS_DETAIL" columnName="FI_ADMIN_CENTER_ID" remarks="Loan Management Center"/>
        <setColumnRemarks schemaName="SC_CREDIT" tableName="TA_LOAN_STATUS_DETAIL" columnName="FI_LOAN_ID" remarks="Loan Identifier"/>
        <setColumnRemarks schemaName="SC_CREDIT" tableName="TA_LOAN_STATUS_DETAIL" columnName="FI_LOAN_STATUS_ID" remarks="Current Loan Status"/>
        <setColumnRemarks schemaName="SC_CREDIT" tableName="TA_LOAN_STATUS_DETAIL" columnName="FI_ACTION_DETAIL_ID" remarks="Action Triggering the Loan Status"/>
        <setColumnRemarks schemaName="SC_CREDIT" tableName="TA_LOAN_STATUS_DETAIL" columnName="FI_COUNTER_DAY" remarks="Status Duration Counter"/>
        <setColumnRemarks schemaName="SC_CREDIT" tableName="TA_LOAN_STATUS_DETAIL" columnName="FD_INITIAL_DATE" remarks="Status Start Date"/>
        <setColumnRemarks schemaName="SC_CREDIT" tableName="TA_LOAN_STATUS_DETAIL" columnName="FI_PAYMENT_NUMBER_ID" remarks="Loan Payment Number"/>
        <setColumnRemarks schemaName="SC_CREDIT" tableName="TA_LOAN_STATUS_DETAIL" columnName="FD_FINAL_DATE" remarks="Loan Status End Date"/>
        <setColumnRemarks schemaName="SC_CREDIT" tableName="TA_LOAN_STATUS_DETAIL" columnName="FI_ON_OFF" remarks="Record On/Off Indicator"/>
        <setColumnRemarks schemaName="SC_CREDIT" tableName="TA_LOAN_STATUS_DETAIL" columnName="FC_USER" remarks=""/>
        <setColumnRemarks schemaName="SC_CREDIT" tableName="TA_LOAN_STATUS_DETAIL" columnName="FD_CREATED_DATE" remarks=""/>
        <setColumnRemarks schemaName="SC_CREDIT" tableName="TA_LOAN_STATUS_DETAIL" columnName="FD_MODIFICATION_DATE" remarks=""/>
        <rollback/>
    </changeSet>
</databaseChangeLog>
