<?xml version="1.0" encoding="UTF-8" standalone="yes"?>
<databaseChangeLog xmlns="http://www.liquibase.org/xml/ns/dbchangelog" xmlns:xsi="http://www.w3.org/2001/XMLSchema-instance" xsi:schemaLocation="http://www.liquibase.org/xml/ns/dbchangelog http://www.liquibase.org/xml/ns/dbchangelog/dbchangelog-3.8.xsd ">
    <changeSet id="HU-00001_TAG_CRTB_TA_LOAN_BALANCE_DETAIL" author="1048168">
        <tagDatabase tag="HU-00001"/>
    </changeSet>
    <changeSet id="HU-00001_ID_CRTB_TA_LOAN_BALANCE_DETAIL" author="1048168">
        <createTable tablespace="USERS" schemaName="SC_CREDIT" tableName="TA_LOAN_BALANCE_DETAIL">
            <column name="FI_LOAN_ID" type="NUMBER(15)">
                <constraints nullable="false"/>
            </column>
            <column name="FI_ADMIN_CENTER_ID" type="NUMBER(8)">
                <constraints nullable="false"/>
            </column>
            <column name="FI_LOAN_BALANCE_ID" type="NUMBER(15)">
                <constraints nullable="false"/>
            </column>
            <column name="FI_LOAN_CONCEPT_ID" type="NUMBER(5)">
                <constraints nullable="false"/>
            </column>
            <column name="FN_ITEM_AMOUNT" type="NUMBER(12,2)">
                <constraints nullable="false"/>
            </column>
            <column name="FC_USER" type="VARCHAR2(30)" defaultValueComputed="USER">
                <constraints nullable="false"/>
            </column>
            <column name="FD_CREATED_DATE" type="DATE" defaultValueComputed="SYSDATE">
                <constraints nullable="false"/>
            </column>
            <column name="FD_MODIFICATION_DATE" type="DATE" defaultValueComputed="SYSDATE">
                <constraints nullable="false"/>
            </column>
        </createTable>
        <modifySql>
            <append value=" PARTITION BY RANGE (FI_ADMIN_CENTER_ID) ( PARTITION PAR_LOANOPBALANCEDTAIL_P1 VALUES LESS THAN (351) TABLESPACE USERS,  PARTITION PAR_LOANOPBALANCEDTAIL_P2 VALUES LESS THAN (702) TABLESPACE USERS,  PARTITION PAR_LOANOPBALANCEDTAIL_P3 VALUES LESS THAN (1053) TABLESPACE USERS,  PARTITION PAR_LOANOPBALANCEDTAIL_P4 VALUES LESS THAN (1404) TABLESPACE USERS,  PARTITION PAR_LOANOPBALANCEDTAIL_P5 VALUES LESS THAN (1755) TABLESPACE USERS,  PARTITION PAR_LOANOPBALANCEDTAIL_P6 VALUES LESS THAN (2106) TABLESPACE USERS,  PARTITION PAR_LOANOPBALANCEDTAIL_P7 VALUES LESS THAN (2457) TABLESPACE USERS,  PARTITION PAR_LOANOPBALANCEDTAIL_P8 VALUES LESS THAN (2808) TABLESPACE USERS,  PARTITION PAR_LOANOPBALANCEDTAIL_P9 VALUES LESS THAN (3159) TABLESPACE USERS,  PARTITION PAR_LOANOPBALANCEDTAIL_P10 VALUES LESS THAN (3510) TABLESPACE USERS,  PARTITION PAR_LOANOPBALANCEDTAIL_P11 VALUES LESS THAN (3861) TABLESPACE USERS,  PARTITION PAR_LOANOPBALANCEDTAIL_P12 VALUES LESS THAN (4212) TABLESPACE USERS,  PARTITION PAR_LOANOPBALANCEDTAIL_P13 VALUES LESS THAN (4563) TABLESPACE USERS,  PARTITION PAR_LOANOPBALANCEDTAIL_P14 VALUES LESS THAN (4914) TABLESPACE USERS,  PARTITION PAR_LOANOPBALANCEDTAIL_P15 VALUES LESS THAN (5265) TABLESPACE USERS,  PARTITION PAR_LOANOPBALANCEDTAIL_P16 VALUES LESS THAN (5616) TABLESPACE USERS,  PARTITION PAR_LOANOPBALANCEDTAIL_P17 VALUES LESS THAN (5967) TABLESPACE USERS,  PARTITION PAR_LOANOPBALANCEDTAIL_P18 VALUES LESS THAN (6318) TABLESPACE USERS,  PARTITION PAR_LOANOPBALANCEDTAIL_P19 VALUES LESS THAN (6669) TABLESPACE USERS,  PARTITION PAR_LOANOPBALANCEDTAIL_P20 VALUES LESS THAN (7020) TABLESPACE USERS,  PARTITION PAR_LOANOPBALANCEDTAIL_P21 VALUES LESS THAN (7371) TABLESPACE USERS,  PARTITION PAR_LOANOPBALANCEDTAIL_P22 VALUES LESS THAN (7722) TABLESPACE USERS,  PARTITION PAR_LOANOPBALANCEDTAIL_P23 VALUES LESS THAN (8073) TABLESPACE USERS,  PARTITION PAR_LOANOPBALANCEDTAIL_P24 VALUES LESS THAN (8424) TABLESPACE USERS,  PARTITION PAR_LOANOPBALANCEDTAIL_P25 VALUES LESS THAN (8775) TABLESPACE USERS,  PARTITION PAR_LOANOPBALANCEDTAIL_P26 VALUES LESS THAN (9126) TABLESPACE USERS,  PARTITION PAR_LOANOPBALANCEDTAIL_P27 VALUES LESS THAN (9477) TABLESPACE USERS,  PARTITION PAR_LOANOPBALANCEDTAIL_P28 VALUES LESS THAN (9828) TABLESPACE USERS,  PARTITION PAR_LOANOPBALANCEDTAIL_P29 VALUES LESS THAN (10179) TABLESPACE USERS,  PARTITION PAR_LOANOPBALANCEDTAIL_P30 VALUES LESS THAN (10530) TABLESPACE USERS) ENABLE ROW MOVEMENT "/>
        </modifySql>
    </changeSet>
    <changeSet id="HU-00001_ID_REMARKS_TA_LOAN_BALANCE_DETAIL" author="1048168">
        <setColumnRemarks schemaName="SC_CREDIT" tableName="TA_LOAN_BALANCE_DETAIL" columnName="FI_LOAN_ID" remarks=""/>
        <setColumnRemarks schemaName="SC_CREDIT" tableName="TA_LOAN_BALANCE_DETAIL" columnName="FI_ADMIN_CENTER_ID" remarks=""/>
        <setColumnRemarks schemaName="SC_CREDIT" tableName="TA_LOAN_BALANCE_DETAIL" columnName="FI_LOAN_BALANCE_ID" remarks=""/>
        <setColumnRemarks schemaName="SC_CREDIT" tableName="TA_LOAN_BALANCE_DETAIL" columnName="FI_LOAN_CONCEPT_ID" remarks=""/>
        <setColumnRemarks schemaName="SC_CREDIT" tableName="TA_LOAN_BALANCE_DETAIL" columnName="FN_ITEM_AMOUNT" remarks=""/>
        <setColumnRemarks schemaName="SC_CREDIT" tableName="TA_LOAN_BALANCE_DETAIL" columnName="FC_USER" remarks=""/>
        <setColumnRemarks schemaName="SC_CREDIT" tableName="TA_LOAN_BALANCE_DETAIL" columnName="FD_CREATED_DATE" remarks=""/>
        <setColumnRemarks schemaName="SC_CREDIT" tableName="TA_LOAN_BALANCE_DETAIL" columnName="FD_MODIFICATION_DATE" remarks=""/>
        <rollback/>
    </changeSet>
</databaseChangeLog>
