<?xml version="1.0" encoding="UTF-8" standalone="yes"?>
<databaseChangeLog xmlns="http://www.liquibase.org/xml/ns/dbchangelog" xmlns:xsi="http://www.w3.org/2001/XMLSchema-instance" xsi:schemaLocation="http://www.liquibase.org/xml/ns/dbchangelog http://www.liquibase.org/xml/ns/dbchangelog/dbchangelog-3.8.xsd ">
    <changeSet id="HU-00001_TAG_ALTB_CONST_TA_LOAN_OPERATION" author="1048168">
        <tagDatabase tag="HU-00001"/>
    </changeSet>
    <changeSet id="HU-00001_ID_ALTB_PK_PK_LOAN_OPERATION" author="1048168">
        <addPrimaryKey columnNames="FI_LOAN_ID, FI_ADMIN_CENTER_ID, FI_LOAN_OPERATION_ID" constraintName="PK_LOAN_OPERATION" forIndexSchemaName="SC_CREDIT" forIndexName="IXPK_LOAN_OPERATION" schemaName="SC_CREDIT" tableName="TA_LOAN_OPERATION"/>
        <rollback>
            <dropPrimaryKey constraintName="PK_LOAN_OPERATION" schemaName="SC_CREDIT" tableName="TA_LOAN_OPERATION" dropIndex="false"/>
        </rollback>
    </changeSet>
    <changeSet id="HU-00001_ID_ALTB_FK_FK_LOAN_OPERATION_01" author="1048168">
        <addForeignKeyConstraint baseTableSchemaName="SC_CREDIT" baseTableName="TA_LOAN_OPERATION" baseColumnNames="FI_LOAN_ID, FI_ADMIN_CENTER_ID" constraintName="FK_LOAN_OPERATION_01" referencedTableSchemaName="SC_CREDIT" referencedTableName="TA_LOAN" referencedColumnNames="FI_LOAN_ID, FI_ADMIN_CENTER_ID"/>
        <rollback>
            <dropForeignKeyConstraint baseTableSchemaName="SC_CREDIT" baseTableName="TA_LOAN_OPERATION" constraintName="FK_LOAN_OPERATION_01"/>
        </rollback>
    </changeSet>
    <changeSet id="HU-00001_ID_ALTB_FK_FK_LOAN_OPERATION_03" author="1048168">
        <addForeignKeyConstraint baseTableSchemaName="SC_CREDIT" baseTableName="TA_LOAN_OPERATION" baseColumnNames="FI_ADMIN_CENTER_ID, FI_BUSINESS_UNIT_ID, FI_COMPANY_ID, FI_COUNTRY_ID" constraintName="FK_LOAN_OPERATION_03" referencedTableSchemaName="SC_CREDIT" referencedTableName="TC_CENTER" referencedColumnNames="FI_CENTER_ID, FI_BUSINESS_UNIT_ID, FI_COMPANY_ID, FI_COUNTRY_ID"/>
        <rollback>
            <dropForeignKeyConstraint baseTableSchemaName="SC_CREDIT" baseTableName="TA_LOAN_OPERATION" constraintName="FK_LOAN_OPERATION_03"/>
        </rollback>
    </changeSet>
    <changeSet id="HU-00001_ID_ALTB_FK_FK_LOAN_OPERATION_02" author="1048168">
        <addForeignKeyConstraint baseTableSchemaName="SC_CREDIT" baseTableName="TA_LOAN_OPERATION" baseColumnNames="FI_OPERATION_TYPE_ID" constraintName="FK_LOAN_OPERATION_02" referencedTableSchemaName="SC_CREDIT" referencedTableName="TC_OPERATION_TYPE" referencedColumnNames="FI_OPERATION_TYPE_ID"/>
        <rollback>
            <dropForeignKeyConstraint baseTableSchemaName="SC_CREDIT" baseTableName="TA_LOAN_OPERATION" constraintName="FK_LOAN_OPERATION_02"/>
        </rollback>
    </changeSet>
</databaseChangeLog>
