<?xml version="1.0" encoding="UTF-8" standalone="yes"?>
<databaseChangeLog xmlns="http://www.liquibase.org/xml/ns/dbchangelog" xmlns:xsi="http://www.w3.org/2001/XMLSchema-instance" xsi:schemaLocation="http://www.liquibase.org/xml/ns/dbchangelog http://www.liquibase.org/xml/ns/dbchangelog/dbchangelog-3.8.xsd ">
    <changeSet id="HU-00001_TAG_ALTB_CONST_TA_PAYMENT_SCHEDULE" author="1048168">
        <tagDatabase tag="HU-00001"/>
    </changeSet>
    <changeSet id="HU-00001_ID_ALTB_PK_PK_PAYMENT_SCHEDULE" author="1048168">
        <addPrimaryKey columnNames="FI_LOAN_ID, FI_ADMIN_CENTER_ID, FI_PAYMENT_SCHEDULE_ID" constraintName="PK_PAYMENT_SCHEDULE" forIndexSchemaName="SC_CREDIT" forIndexName="IXPK_PAYMENT_SCHEDULE" schemaName="SC_CREDIT" tableName="TA_PAYMENT_SCHEDULE"/>
        <rollback>
            <dropPrimaryKey constraintName="PK_PAYMENT_SCHEDULE" schemaName="SC_CREDIT" tableName="TA_PAYMENT_SCHEDULE" dropIndex="false"/>
        </rollback>
    </changeSet>
    <changeSet id="HU-00001_ID_ALTB_FK_FK_PAYMENT_SCHEDULE_01" author="1048168">
        <addForeignKeyConstraint baseTableSchemaName="SC_CREDIT" baseTableName="TA_PAYMENT_SCHEDULE" baseColumnNames="FI_LOAN_ID, FI_ADMIN_CENTER_ID" constraintName="FK_PAYMENT_SCHEDULE_01" referencedTableSchemaName="SC_CREDIT" referencedTableName="TA_LOAN" referencedColumnNames="FI_LOAN_ID, FI_ADMIN_CENTER_ID"/>
        <rollback>
            <dropForeignKeyConstraint baseTableSchemaName="SC_CREDIT" baseTableName="TA_PAYMENT_SCHEDULE" constraintName="FK_PAYMENT_SCHEDULE_01"/>
        </rollback>
    </changeSet>
    <changeSet id="HU-00001_ID_ALTB_FK_FK_PAYMENT_SCHEDULE_03" author="1048168">
        <addForeignKeyConstraint baseTableSchemaName="SC_CREDIT" baseTableName="TA_PAYMENT_SCHEDULE" baseColumnNames="FI_SCHEDULE_TYPE_ID" constraintName="FK_PAYMENT_SCHEDULE_03" referencedTableSchemaName="SC_CREDIT" referencedTableName="TC_SCHEDULE_TYPE" referencedColumnNames="FI_SCHEDULE_TYPE_ID"/>
        <rollback>
            <dropForeignKeyConstraint baseTableSchemaName="SC_CREDIT" baseTableName="TA_PAYMENT_SCHEDULE" constraintName="FK_PAYMENT_SCHEDULE_03"/>
        </rollback>
    </changeSet>
    <changeSet id="HU-00001_ID_ALTB_FK_FK_PAYMENT_SCHEDULE_02" author="1048168">
        <addForeignKeyConstraint baseTableSchemaName="SC_CREDIT" baseTableName="TA_PAYMENT_SCHEDULE" baseColumnNames="FI_PMT_SCHEDULE_STATUS_ID" constraintName="FK_PAYMENT_SCHEDULE_02" referencedTableSchemaName="SC_CREDIT" referencedTableName="TC_PAYMENT_SCHEDULE_STATUS" referencedColumnNames="FI_PMT_SCHEDULE_STATUS_ID"/>
        <rollback>
            <dropForeignKeyConstraint baseTableSchemaName="SC_CREDIT" baseTableName="TA_PAYMENT_SCHEDULE" constraintName="FK_PAYMENT_SCHEDULE_02"/>
        </rollback>
    </changeSet>
</databaseChangeLog>
