<?xml version="1.0" encoding="UTF-8" standalone="yes"?>
<databaseChangeLog xmlns="http://www.liquibase.org/xml/ns/dbchangelog" xmlns:xsi="http://www.w3.org/2001/XMLSchema-instance" xsi:schemaLocation="http://www.liquibase.org/xml/ns/dbchangelog http://www.liquibase.org/xml/ns/dbchangelog/dbchangelog-3.8.xsd ">
    <changeSet id="HU-00001_TAG_CRTB_TA_PAYMENT_SCHEDULE_FEE" author="1048168">
        <tagDatabase tag="HU-00001"/>
    </changeSet>
    <changeSet id="HU-00001_ID_CRTB_TA_PAYMENT_SCHEDULE_FEE" author="1048168">
        <createTable tablespace="USERS" schemaName="SC_CREDIT" tableName="TA_PAYMENT_SCHEDULE_FEE">
            <column name="FI_PAYMENT_SCHEDULE_ID" type="NUMBER(3)">
                <constraints nullable="false"/>
            </column>
            <column name="FI_FEE_SEQ" type="NUMBER(3)">
                <constraints nullable="false"/>
            </column>
            <column name="FI_LOAN_ID" type="NUMBER(15)">
                <constraints nullable="false"/>
            </column>
            <column name="FI_ADMIN_CENTER_ID" type="NUMBER(8)">
                <constraints nullable="false"/>
            </column>
            <column name="FI_LOAN_CONCEPT_ID" type="NUMBER(5)">
                <constraints nullable="false"/>
            </column>
            <column name="FN_FEE_AMOUNT" type="NUMBER(12,2)">
                <constraints nullable="false"/>
            </column>
            <column name="FN_FEE_PAYMENT_BALANCE" type="NUMBER(12,2)">
                <constraints nullable="false"/>
            </column>
            <column name="FC_USER" type="VARCHAR2(30)" defaultValueComputed="USER">
                <constraints nullable="false"/>
            </column>
            <column name="FD_CREATED_DATE" type="DATE" defaultValueComputed="SYSDATE">
                <constraints nullable="false"/>
            </column>
            <column name="FD_MODIFICATION_DATE" type="DATE" defaultValueComputed="SYSDATE">
                <constraints nullable="false"/>
            </column>
        </createTable>
        <modifySql>
            <append value=" PARTITION BY RANGE (FI_ADMIN_CENTER_ID) ( PARTITION PAR_PYMTSCHEDULE_P1 VALUES LESS THAN (351) TABLESPACE USERS,  PARTITION PAR_PYMTSCHEDULE_P2 VALUES LESS THAN (702) TABLESPACE USERS,  PARTITION PAR_PYMTSCHEDULE_P3 VALUES LESS THAN (1053) TABLESPACE USERS,  PARTITION PAR_PYMTSCHEDULE_P4 VALUES LESS THAN (1404) TABLESPACE USERS,  PARTITION PAR_PYMTSCHEDULE_P5 VALUES LESS THAN (1755) TABLESPACE USERS,  PARTITION PAR_PYMTSCHEDULE_P6 VALUES LESS THAN (2106) TABLESPACE USERS,  PARTITION PAR_PYMTSCHEDULE_P7 VALUES LESS THAN (2457) TABLESPACE USERS,  PARTITION PAR_PYMTSCHEDULE_P8 VALUES LESS THAN (2808) TABLESPACE USERS,  PARTITION PAR_PYMTSCHEDULE_P9 VALUES LESS THAN (3159) TABLESPACE USERS,  PARTITION PAR_PYMTSCHEDULE_P10 VALUES LESS THAN (3510) TABLESPACE USERS,  PARTITION PAR_PYMTSCHEDULE_P11 VALUES LESS THAN (3861) TABLESPACE USERS,  PARTITION PAR_PYMTSCHEDULE_P12 VALUES LESS THAN (4212) TABLESPACE USERS,  PARTITION PAR_PYMTSCHEDULE_P13 VALUES LESS THAN (4563) TABLESPACE USERS,  PARTITION PAR_PYMTSCHEDULE_P14 VALUES LESS THAN (4914) TABLESPACE USERS,  PARTITION PAR_PYMTSCHEDULE_P15 VALUES LESS THAN (5265) TABLESPACE USERS,  PARTITION PAR_PYMTSCHEDULE_P16 VALUES LESS THAN (5616) TABLESPACE USERS,  PARTITION PAR_PYMTSCHEDULE_P17 VALUES LESS THAN (5967) TABLESPACE USERS,  PARTITION PAR_PYMTSCHEDULE_P18 VALUES LESS THAN (6318) TABLESPACE USERS,  PARTITION PAR_PYMTSCHEDULE_P19 VALUES LESS THAN (6669) TABLESPACE USERS,  PARTITION PAR_PYMTSCHEDULE_P20 VALUES LESS THAN (7020) TABLESPACE USERS,  PARTITION PAR_PYMTSCHEDULE_P21 VALUES LESS THAN (7371) TABLESPACE USERS,  PARTITION PAR_PYMTSCHEDULE_P22 VALUES LESS THAN (7722) TABLESPACE USERS,  PARTITION PAR_PYMTSCHEDULE_P23 VALUES LESS THAN (8073) TABLESPACE USERS,  PARTITION PAR_PYMTSCHEDULE_P24 VALUES LESS THAN (8424) TABLESPACE USERS,  PARTITION PAR_PYMTSCHEDULE_P25 VALUES LESS THAN (8775) TABLESPACE USERS,  PARTITION PAR_PYMTSCHEDULE_P26 VALUES LESS THAN (9126) TABLESPACE USERS,  PARTITION PAR_PYMTSCHEDULE_P27 VALUES LESS THAN (9477) TABLESPACE USERS,  PARTITION PAR_PYMTSCHEDULE_P28 VALUES LESS THAN (9828) TABLESPACE USERS,  PARTITION PAR_PYMTSCHEDULE_P29 VALUES LESS THAN (10179) TABLESPACE USERS,  PARTITION PAR_PYMTSCHEDULE_P30 VALUES LESS THAN (10530) TABLESPACE USERS) ENABLE ROW MOVEMENT "/>
        </modifySql>
    </changeSet>
    <changeSet id="HU-00001_ID_REMARKS_TA_PAYMENT_SCHEDULE_FEE" author="1048168">
        <setTableRemarks schemaName="SC_CREDIT" tableName="TA_PAYMENT_SCHEDULE_FEE" remarks="Catalog of Possible subterms"/>
        <setColumnRemarks schemaName="SC_CREDIT" tableName="TA_PAYMENT_SCHEDULE_FEE" columnName="FI_PAYMENT_SCHEDULE_ID" remarks="Payment Number ID "/>
        <setColumnRemarks schemaName="SC_CREDIT" tableName="TA_PAYMENT_SCHEDULE_FEE" columnName="FI_FEE_SEQ" remarks="Sequence of fees in the period"/>
        <setColumnRemarks schemaName="SC_CREDIT" tableName="TA_PAYMENT_SCHEDULE_FEE" columnName="FI_LOAN_ID" remarks="Description of the record"/>
        <setColumnRemarks schemaName="SC_CREDIT" tableName="TA_PAYMENT_SCHEDULE_FEE" columnName="FI_ADMIN_CENTER_ID" remarks="Loan Admin Center"/>
        <setColumnRemarks schemaName="SC_CREDIT" tableName="TA_PAYMENT_SCHEDULE_FEE" columnName="FI_LOAN_CONCEPT_ID" remarks="Period Concept"/>
        <setColumnRemarks schemaName="SC_CREDIT" tableName="TA_PAYMENT_SCHEDULE_FEE" columnName="FN_FEE_AMOUNT" remarks="Fee payment Amount"/>
        <setColumnRemarks schemaName="SC_CREDIT" tableName="TA_PAYMENT_SCHEDULE_FEE" columnName="FN_FEE_PAYMENT_BALANCE" remarks="Fee balance payment amount"/>
        <setColumnRemarks schemaName="SC_CREDIT" tableName="TA_PAYMENT_SCHEDULE_FEE" columnName="FC_USER" remarks=""/>
        <setColumnRemarks schemaName="SC_CREDIT" tableName="TA_PAYMENT_SCHEDULE_FEE" columnName="FD_CREATED_DATE" remarks=""/>
        <setColumnRemarks schemaName="SC_CREDIT" tableName="TA_PAYMENT_SCHEDULE_FEE" columnName="FD_MODIFICATION_DATE" remarks=""/>
        <rollback/>
    </changeSet>
</databaseChangeLog>
