<?xml version="1.0" encoding="UTF-8" standalone="yes"?>
<databaseChangeLog xmlns="http://www.liquibase.org/xml/ns/dbchangelog" xmlns:xsi="http://www.w3.org/2001/XMLSchema-instance" xsi:schemaLocation="http://www.liquibase.org/xml/ns/dbchangelog http://www.liquibase.org/xml/ns/dbchangelog/dbchangelog-3.8.xsd ">
    <changeSet id="HU-00001_TAG_CRTB_TA_TMP_LOAN_PROCESS" author="1048168">
        <tagDatabase tag="HU-00001"/>
    </changeSet>
    <changeSet id="HU-00001_ID_CRTB_TA_TMP_LOAN_PROCESS" author="1048168">
        <createTable tablespace="USERS" remarks="Table for loans to be executed in a defined process" schemaName="SC_CREDIT" tableName="TA_TMP_LOAN_PROCESS">
            <column name="FI_LOAN_ID" type="NUMBER(15)" remarks="Loan Identifier">
                <constraints nullable="false"/>
            </column>
            <column name="FI_ADMIN_CENTER_ID" type="NUMBER(8)" remarks="Loan Management Center">
                <constraints nullable="false"/>
            </column>
            <column name="FI_PROCESS" type="NUMBER(5)" remarks="Defined process Number">
                <constraints nullable="false"/>
            </column>
            <column name="FI_TRACK" type="NUMBER(5)" remarks="Defined Track Number">
                <constraints nullable="false"/>
            </column>
            <column name="FC_USER" type="VARCHAR2(30)" defaultValueComputed="USER" remarks="">
                <constraints nullable="false"/>
            </column>
            <column name="FD_CREATED_DATE" type="DATE" defaultValueComputed="SYSDATE" remarks="">
                <constraints nullable="false"/>
            </column>
            <column name="FD_MODIFICATION_DATE" type="DATE" defaultValueComputed="SYSDATE" remarks="">
                <constraints nullable="false"/>
            </column>
        </createTable>
    </changeSet>
</databaseChangeLog>
