<?xml version="1.0" encoding="UTF-8" standalone="yes"?>
<databaseChangeLog xmlns="http://www.liquibase.org/xml/ns/dbchangelog" xmlns:xsi="http://www.w3.org/2001/XMLSchema-instance" xsi:schemaLocation="http://www.liquibase.org/xml/ns/dbchangelog http://www.liquibase.org/xml/ns/dbchangelog/dbchangelog-3.8.xsd ">
    <changeSet id="HU-00001_TAG_ALTB_CONST_TA_TRAN_FOLIO_DETAIL" author="1048168">
        <tagDatabase tag="HU-00001"/>
    </changeSet>
    <changeSet id="HU-00001_ID_ALTB_PK_PK_TRAN_FOLIO_DETAIL" author="1048168">
        <addPrimaryKey columnNames="FI_COUNTRY_ID, FI_CENTER_ID, FI_FOLIO_TX" constraintName="PK_TRAN_FOLIO_DETAIL" forIndexSchemaName="SC_CREDIT" forIndexName="IXPK_TRAN_FOLIO_DETAIL" schemaName="SC_CREDIT" tableName="TA_TRAN_FOLIO_DETAIL"/>
        <rollback>
            <dropPrimaryKey constraintName="PK_TRAN_FOLIO_DETAIL" schemaName="SC_CREDIT" tableName="TA_TRAN_FOLIO_DETAIL" dropIndex="false"/>
        </rollback>
    </changeSet>
</databaseChangeLog>
