<?xml version="1.0" encoding="UTF-8" standalone="yes"?>
<databaseChangeLog xmlns="http://www.liquibase.org/xml/ns/dbchangelog" xmlns:xsi="http://www.w3.org/2001/XMLSchema-instance" xsi:schemaLocation="http://www.liquibase.org/xml/ns/dbchangelog http://www.liquibase.org/xml/ns/dbchangelog/dbchangelog-3.8.xsd ">
    <changeSet id="HU-00001_TAG_CRTB_TA_TRAN_FOLIO_DETAIL" author="1048168">
        <tagDatabase tag="HU-00001"/>
    </changeSet>
    <changeSet id="HU-00001_ID_CRTB_TA_TRAN_FOLIO_DETAIL" author="1048168">
        <createTable tablespace="USERS" schemaName="SC_CREDIT" tableName="TA_TRAN_FOLIO_DETAIL">
            <column name="FI_COUNTRY_ID" type="NUMBER(3)">
                <constraints nullable="false"/>
            </column>
            <column name="FI_CENTER_ID" type="NUMBER(8)">
                <constraints nullable="false"/>
            </column>
            <column name="FI_FOLIO_TX" type="NUMBER(18)">
                <constraints nullable="false"/>
            </column>
            <column name="FD_SOLICITUD" type="DATE">
                <constraints nullable="false"/>
            </column>
            <column name="FC_UUID_TRACKING" type="VARCHAR2(36)">
                <constraints nullable="false"/>
            </column>
            <column name="FC_GPS_LATITUDE" type="VARCHAR2(15)">
                <constraints nullable="false"/>
            </column>
            <column name="FC_GPS_LONGITUDE" type="VARCHAR2(15)">
                <constraints nullable="false"/>
            </column>
            <column name="FC_USER" type="VARCHAR2(30)" defaultValueComputed="USER">
                <constraints nullable="false"/>
            </column>
            <column name="FD_CREATED_DATE" type="DATE" defaultValueComputed="SYSDATE">
                <constraints nullable="false"/>
            </column>
            <column name="FD_MODIFICATION_DATE" type="DATE" defaultValueComputed="SYSDATE">
                <constraints nullable="false"/>
            </column>
        </createTable>
        <modifySql>
            <append value=" PARTITION BY RANGE (FI_CENTER_ID) ( PARTITION PAR_FOLIO_P1 VALUES LESS THAN (401) TABLESPACE USERS,  PARTITION PAR_FOLIO_P2 VALUES LESS THAN (802) TABLESPACE USERS,  PARTITION PAR_FOLIO_P3 VALUES LESS THAN (1203) TABLESPACE USERS,  PARTITION PAR_FOLIO_P4 VALUES LESS THAN (1604) TABLESPACE USERS,  PARTITION PAR_FOLIO_P5 VALUES LESS THAN (2005) TABLESPACE USERS,  PARTITION PAR_FOLIO_P6 VALUES LESS THAN (2406) TABLESPACE USERS,  PARTITION PAR_FOLIO_P7 VALUES LESS THAN (2807) TABLESPACE USERS,  PARTITION PAR_FOLIO_P8 VALUES LESS THAN (3208) TABLESPACE USERS,  PARTITION PAR_FOLIO_P9 VALUES LESS THAN (3609) TABLESPACE USERS,  PARTITION PAR_FOLIO_P10 VALUES LESS THAN (4010) TABLESPACE USERS,  PARTITION PAR_FOLIO_P11 VALUES LESS THAN (4411) TABLESPACE USERS,  PARTITION PAR_FOLIO_P12 VALUES LESS THAN (4812) TABLESPACE USERS,  PARTITION PAR_FOLIO_P13 VALUES LESS THAN (5213) TABLESPACE USERS,  PARTITION PAR_FOLIO_P14 VALUES LESS THAN (5614) TABLESPACE USERS,  PARTITION PAR_FOLIO_P15 VALUES LESS THAN (6015) TABLESPACE USERS,  PARTITION PAR_FOLIO_P16 VALUES LESS THAN (6416) TABLESPACE USERS,  PARTITION PAR_FOLIO_P17 VALUES LESS THAN (6817) TABLESPACE USERS,  PARTITION PAR_FOLIO_P18 VALUES LESS THAN (7218) TABLESPACE USERS,  PARTITION PAR_FOLIO_P19 VALUES LESS THAN (7619) TABLESPACE USERS,  PARTITION PAR_FOLIO_P20 VALUES LESS THAN (8020) TABLESPACE USERS,  PARTITION PAR_FOLIO_P21 VALUES LESS THAN (8421) TABLESPACE USERS,  PARTITION PAR_FOLIO_P22 VALUES LESS THAN (8822) TABLESPACE USERS,  PARTITION PAR_FOLIO_P23 VALUES LESS THAN (9223) TABLESPACE USERS,  PARTITION PAR_FOLIO_P24 VALUES LESS THAN (9624) TABLESPACE USERS,  PARTITION PAR_FOLIO_P25 VALUES LESS THAN (10025) TABLESPACE USERS,  PARTITION PAR_FOLIO_P26 VALUES LESS THAN (MAXVALUE) TABLESPACE USERS)"/>
        </modifySql>
    </changeSet>
    <changeSet id="HU-00001_ID_REMARKS_TA_TRAN_FOLIO_DETAIL" author="1048168">
        <setColumnRemarks schemaName="SC_CREDIT" tableName="TA_TRAN_FOLIO_DETAIL" columnName="FI_COUNTRY_ID" remarks=""/>
        <setColumnRemarks schemaName="SC_CREDIT" tableName="TA_TRAN_FOLIO_DETAIL" columnName="FI_CENTER_ID" remarks=""/>
        <setColumnRemarks schemaName="SC_CREDIT" tableName="TA_TRAN_FOLIO_DETAIL" columnName="FI_FOLIO_TX" remarks=""/>
        <setColumnRemarks schemaName="SC_CREDIT" tableName="TA_TRAN_FOLIO_DETAIL" columnName="FD_SOLICITUD" remarks=""/>
        <setColumnRemarks schemaName="SC_CREDIT" tableName="TA_TRAN_FOLIO_DETAIL" columnName="FC_UUID_TRACKING" remarks=""/>
        <setColumnRemarks schemaName="SC_CREDIT" tableName="TA_TRAN_FOLIO_DETAIL" columnName="FC_GPS_LATITUDE" remarks=""/>
        <setColumnRemarks schemaName="SC_CREDIT" tableName="TA_TRAN_FOLIO_DETAIL" columnName="FC_GPS_LONGITUDE" remarks=""/>
        <setColumnRemarks schemaName="SC_CREDIT" tableName="TA_TRAN_FOLIO_DETAIL" columnName="FC_USER" remarks=""/>
        <setColumnRemarks schemaName="SC_CREDIT" tableName="TA_TRAN_FOLIO_DETAIL" columnName="FD_CREATED_DATE" remarks=""/>
        <setColumnRemarks schemaName="SC_CREDIT" tableName="TA_TRAN_FOLIO_DETAIL" columnName="FD_MODIFICATION_DATE" remarks=""/>
        <rollback/>
    </changeSet>
</databaseChangeLog>
