<?xml version="1.0" encoding="UTF-8" standalone="yes"?>
<databaseChangeLog xmlns="http://www.liquibase.org/xml/ns/dbchangelog" xmlns:xsi="http://www.w3.org/2001/XMLSchema-instance" xsi:schemaLocation="http://www.liquibase.org/xml/ns/dbchangelog http://www.liquibase.org/xml/ns/dbchangelog/dbchangelog-3.8.xsd ">
    <changeSet id="HU-00001_TAG_ALTB_CONST_TC_ACTION_DETAIL" author="1048168">
        <tagDatabase tag="HU-00001"/>
    </changeSet>
    <changeSet id="HU-00001_ID_ALTB_PK_PK_ACTION_DETAIL" author="1048168">
        <addPrimaryKey columnNames="FI_ACTION_DETAIL_ID, FI_LOAN_STATUS_ID" constraintName="PK_ACTION_DETAIL" forIndexSchemaName="SC_CREDIT" forIndexName="IXPK_ACTION_DETAIL" schemaName="SC_CREDIT" tableName="TC_ACTION_DETAIL"/>
        <rollback>
            <dropPrimaryKey constraintName="PK_ACTION_DETAIL" schemaName="SC_CREDIT" tableName="TC_ACTION_DETAIL" dropIndex="false"/>
        </rollback>
    </changeSet>
    <changeSet id="HU-00001_ID_ALTB_FK_FK_ACTION_DETAIL_01" author="1048168">
        <addForeignKeyConstraint baseTableSchemaName="SC_CREDIT" baseTableName="TC_ACTION_DETAIL" baseColumnNames="FI_LOAN_STATUS_ID" constraintName="FK_ACTION_DETAIL_01" referencedTableSchemaName="SC_CREDIT" referencedTableName="TC_LOAN_STATUS" referencedColumnNames="FI_LOAN_STATUS_ID"/>
        <rollback>
            <dropForeignKeyConstraint baseTableSchemaName="SC_CREDIT" baseTableName="TC_ACTION_DETAIL" constraintName="FK_ACTION_DETAIL_01"/>
        </rollback>
    </changeSet>
</databaseChangeLog>
