<?xml version="1.0" encoding="UTF-8" standalone="yes"?>
<databaseChangeLog xmlns="http://www.liquibase.org/xml/ns/dbchangelog" xmlns:xsi="http://www.w3.org/2001/XMLSchema-instance" xsi:schemaLocation="http://www.liquibase.org/xml/ns/dbchangelog http://www.liquibase.org/xml/ns/dbchangelog/dbchangelog-3.8.xsd ">
    <changeSet id="HU-00001_TAG_CRTB_TC_ACTION_DETAIL" author="1048168">
        <tagDatabase tag="HU-00001"/>
    </changeSet>
    <changeSet id="HU-00001_ID_CRTB_TC_ACTION_DETAIL" author="1048168">
        <createTable tablespace="USERS" remarks="Catalog of Possible Actions that Trigger Each Status" schemaName="SC_CREDIT" tableName="TC_ACTION_DETAIL">
            <column name="FI_ACTION_DETAIL_ID" type="NUMBER(3)" remarks="Action Identifier">
                <constraints nullable="false"/>
            </column>
            <column name="FI_LOAN_STATUS_ID" type="NUMBER(5)" remarks="Status Identifier">
                <constraints nullable="false"/>
            </column>
            <column name="FC_ACTION_DETAIL_DESC" type="VARCHAR2(100)" remarks="Action Description">
                <constraints nullable="false"/>
            </column>
            <column name="FC_USER" type="VARCHAR2(30)" defaultValueComputed="USER" remarks="">
                <constraints nullable="false"/>
            </column>
            <column name="FD_CREATED_DATE" type="DATE" defaultValueComputed="SYSDATE" remarks="">
                <constraints nullable="false"/>
            </column>
            <column name="FD_MODIFICATION_DATE" type="DATE" defaultValueComputed="SYSDATE" remarks="">
                <constraints nullable="false"/>
            </column>
        </createTable>
    </changeSet>
</databaseChangeLog>
