<?xml version="1.0" encoding="UTF-8" standalone="yes"?>
<databaseChangeLog xmlns="http://www.liquibase.org/xml/ns/dbchangelog" xmlns:xsi="http://www.w3.org/2001/XMLSchema-instance" xsi:schemaLocation="http://www.liquibase.org/xml/ns/dbchangelog http://www.liquibase.org/xml/ns/dbchangelog/dbchangelog-3.8.xsd ">
    <changeSet id="HU-00001_TAG_ALTB_CONST_TC_BUSINESS_UNIT" author="1048168">
        <tagDatabase tag="HU-00001"/>
    </changeSet>
    <changeSet id="HU-00001_ID_ALTB_PK_PK_BUSSINESS_UNIT" author="1048168">
        <addPrimaryKey columnNames="FI_BUSINESS_UNIT_ID, FI_COMPANY_ID, FI_COUNTRY_ID" constraintName="PK_BUSSINESS_UNIT" forIndexSchemaName="SC_CREDIT" forIndexName="IXPK_BUSINESS_UNIT" schemaName="SC_CREDIT" tableName="TC_BUSINESS_UNIT"/>
        <rollback>
            <dropPrimaryKey constraintName="PK_BUSSINESS_UNIT" schemaName="SC_CREDIT" tableName="TC_BUSINESS_UNIT" dropIndex="false"/>
        </rollback>
    </changeSet>
    <changeSet id="HU-00001_ID_ALTB_FK_FK_BUSINESS_UNIT_01" author="1048168">
        <addForeignKeyConstraint baseTableSchemaName="SC_CREDIT" baseTableName="TC_BUSINESS_UNIT" baseColumnNames="FI_COMPANY_ID, FI_COUNTRY_ID" constraintName="FK_BUSINESS_UNIT_01" referencedTableSchemaName="SC_CREDIT" referencedTableName="TC_COMPANY" referencedColumnNames="FI_COMPANY_ID, FI_COUNTRY_ID"/>
        <rollback>
            <dropForeignKeyConstraint baseTableSchemaName="SC_CREDIT" baseTableName="TC_BUSINESS_UNIT" constraintName="FK_BUSINESS_UNIT_01"/>
        </rollback>
    </changeSet>
</databaseChangeLog>
