<?xml version="1.0" encoding="UTF-8" standalone="yes"?>
<databaseChangeLog xmlns="http://www.liquibase.org/xml/ns/dbchangelog" xmlns:xsi="http://www.w3.org/2001/XMLSchema-instance" xsi:schemaLocation="http://www.liquibase.org/xml/ns/dbchangelog http://www.liquibase.org/xml/ns/dbchangelog/dbchangelog-3.8.xsd ">
    <changeSet id="HU-00001_TAG_ALTB_CONST_TC_CENTER" author="1048168">
        <tagDatabase tag="HU-00001"/>
    </changeSet>
    <changeSet id="HU-00001_ID_ALTB_PK_PK_TC_CENTER" author="1048168">
        <addPrimaryKey columnNames="FI_CENTER_ID, FI_BUSINESS_UNIT_ID, FI_COMPANY_ID, FI_COUNTRY_ID" constraintName="PK_TC_CENTER" forIndexSchemaName="SC_CREDIT" forIndexName="IXPK_CENTER" schemaName="SC_CREDIT" tableName="TC_CENTER"/>
        <rollback>
            <dropPrimaryKey constraintName="PK_TC_CENTER" schemaName="SC_CREDIT" tableName="TC_CENTER" dropIndex="false"/>
        </rollback>
    </changeSet>
    <changeSet id="HU-00001_ID_ALTB_FK_FK_CENTER01" author="1048168">
        <addForeignKeyConstraint baseTableSchemaName="SC_CREDIT" baseTableName="TC_CENTER" baseColumnNames="FI_BUSINESS_UNIT_ID, FI_COMPANY_ID, FI_COUNTRY_ID" constraintName="FK_CENTER01" referencedTableSchemaName="SC_CREDIT" referencedTableName="TC_BUSINESS_UNIT" referencedColumnNames="FI_BUSINESS_UNIT_ID, FI_COMPANY_ID, FI_COUNTRY_ID"/>
        <rollback>
            <dropForeignKeyConstraint baseTableSchemaName="SC_CREDIT" baseTableName="TC_CENTER" constraintName="FK_CENTER01"/>
        </rollback>
    </changeSet>
</databaseChangeLog>
