<?xml version="1.0" encoding="UTF-8" standalone="yes"?>
<databaseChangeLog xmlns="http://www.liquibase.org/xml/ns/dbchangelog" xmlns:xsi="http://www.w3.org/2001/XMLSchema-instance" xsi:schemaLocation="http://www.liquibase.org/xml/ns/dbchangelog http://www.liquibase.org/xml/ns/dbchangelog/dbchangelog-3.8.xsd ">
    <changeSet id="HU-00001_TAG_ALTB_CONST_TC_CONCEPT_EXPRESSION" author="1048168">
        <tagDatabase tag="HU-00001"/>
    </changeSet>
    <changeSet id="HU-00001_ID_ALTB_PK_PK_CONCEPT_EXPRESSION" author="1048168">
        <addPrimaryKey columnNames="FI_CONCEPT_EXPRESSION_ID" constraintName="PK_CONCEPT_EXPRESSION" forIndexSchemaName="SC_CREDIT" forIndexName="IXPK_CONCEPT_EXPRESSION" schemaName="SC_CREDIT" tableName="TC_CONCEPT_EXPRESSION"/>
        <rollback>
            <dropPrimaryKey constraintName="PK_CONCEPT_EXPRESSION" schemaName="SC_CREDIT" tableName="TC_CONCEPT_EXPRESSION" dropIndex="false"/>
        </rollback>
    </changeSet>
</databaseChangeLog>
