<?xml version="1.0" encoding="UTF-8" standalone="yes"?>
<databaseChangeLog xmlns="http://www.liquibase.org/xml/ns/dbchangelog" xmlns:xsi="http://www.w3.org/2001/XMLSchema-instance" xsi:schemaLocation="http://www.liquibase.org/xml/ns/dbchangelog http://www.liquibase.org/xml/ns/dbchangelog/dbchangelog-3.8.xsd ">
    <changeSet id="HU-00001_TAG_CRTB_TC_CENTER" author="1048168">
        <tagDatabase tag="HU-00001"/>
    </changeSet>
    <changeSet id="HU-00001_ID_CRTB_TC_CENTER" author="1048168">
        <createTable tablespace="USERS" schemaName="SC_CREDIT" tableName="TC_CENTER">
            <column name="FI_CENTER_ID" type="NUMBER(8)" remarks="">
                <constraints nullable="false"/>
            </column>
            <column name="FI_BUSINESS_UNIT_ID" type="NUMBER(5)" remarks="">
                <constraints nullable="false"/>
            </column>
            <column name="FI_COMPANY_ID" type="NUMBER(3)" remarks="">
                <constraints nullable="false"/>
            </column>
            <column name="FI_COUNTRY_ID" type="NUMBER(3)" remarks="">
                <constraints nullable="false"/>
            </column>
            <column name="FC_CENTER_NAME" type="VARCHAR2(80)" remarks="">
                <constraints nullable="false"/>
            </column>
            <column name="FI_REGION_ID" type="NUMBER(10)" remarks="">
                <constraints nullable="false"/>
            </column>
            <column name="FI_TERRITORY_ID" type="NUMBER(10)" remarks="">
                <constraints nullable="false"/>
            </column>
            <column name="FI_STATUS" type="NUMBER(2)" remarks="">
                <constraints nullable="false"/>
            </column>
            <column name="FC_USER" type="VARCHAR2(30)" defaultValueComputed="USER" remarks="">
                <constraints nullable="false"/>
            </column>
            <column name="FD_CREATED_DATE" type="DATE" defaultValueComputed="SYSDATE" remarks="">
                <constraints nullable="false"/>
            </column>
            <column name="FD_MODIFICATION_DATE" type="DATE" defaultValueComputed="SYSDATE" remarks="">
                <constraints nullable="false"/>
            </column>
        </createTable>
    </changeSet>
</databaseChangeLog>
