<?xml version="1.0" encoding="UTF-8" standalone="yes"?>
<databaseChangeLog xmlns="http://www.liquibase.org/xml/ns/dbchangelog" xmlns:xsi="http://www.w3.org/2001/XMLSchema-instance" xsi:schemaLocation="http://www.liquibase.org/xml/ns/dbchangelog http://www.liquibase.org/xml/ns/dbchangelog/dbchangelog-3.8.xsd ">
    <changeSet id="HU-00001_TAG_ALTB_CONST_TC_LOAN_CONCEPT" author="1048168">
        <tagDatabase tag="HU-00001"/>
    </changeSet>
    <changeSet id="HU-00001_ID_ALTB_PK_PK_LOAN_CONCEPT" author="1048168">
        <addPrimaryKey columnNames="FI_LOAN_CONCEPT_ID" constraintName="PK_LOAN_CONCEPT" forIndexSchemaName="SC_CREDIT" forIndexName="IXPK_LOAN_CONCEPT" schemaName="SC_CREDIT" tableName="TC_LOAN_CONCEPT"/>
        <rollback>
            <dropPrimaryKey constraintName="PK_LOAN_CONCEPT" schemaName="SC_CREDIT" tableName="TC_LOAN_CONCEPT" dropIndex="false"/>
        </rollback>
    </changeSet>
    <changeSet id="HU-00001_ID_ALTB_FK_FK_LOAN_CONCEPT_01" author="1048168">
        <addForeignKeyConstraint baseTableSchemaName="SC_CREDIT" baseTableName="TC_LOAN_CONCEPT" baseColumnNames="FI_LOAN_CONCEPT_TYPE_ID" constraintName="FK_LOAN_CONCEPT_01" referencedTableSchemaName="SC_CREDIT" referencedTableName="TC_LOAN_CONCEPT_TYPE" referencedColumnNames="FI_LOAN_CONCEPT_TYPE_ID"/>
        <rollback>
            <dropForeignKeyConstraint baseTableSchemaName="SC_CREDIT" baseTableName="TC_LOAN_CONCEPT" constraintName="FK_LOAN_CONCEPT_01"/>
        </rollback>
    </changeSet>
    <changeSet id="HU-00001_ID_ALTB_FK_FK_LOAN_CONCEPT_02" author="1048168">
        <addForeignKeyConstraint baseTableSchemaName="SC_CREDIT" baseTableName="TC_LOAN_CONCEPT" baseColumnNames="FI_BALANCE_CATEGORY_ID" constraintName="FK_LOAN_CONCEPT_02" referencedTableSchemaName="SC_CREDIT" referencedTableName="TC_BALANCE_CATEGORY" referencedColumnNames="FI_BALANCE_CATEGORY_ID"/>
        <rollback>
            <dropForeignKeyConstraint baseTableSchemaName="SC_CREDIT" baseTableName="TC_LOAN_CONCEPT" constraintName="FK_LOAN_CONCEPT_02"/>
        </rollback>
    </changeSet>
</databaseChangeLog>
