<?xml version="1.0" encoding="UTF-8" standalone="yes"?>
<databaseChangeLog xmlns="http://www.liquibase.org/xml/ns/dbchangelog" xmlns:xsi="http://www.w3.org/2001/XMLSchema-instance" xsi:schemaLocation="http://www.liquibase.org/xml/ns/dbchangelog http://www.liquibase.org/xml/ns/dbchangelog/dbchangelog-3.8.xsd ">
    <changeSet id="HU-00001_TAG_ALTB_CONST_TC_LOAN_STATUS_TRIGGER" author="1048168">
        <tagDatabase tag="HU-00001"/>
    </changeSet>
    <changeSet id="HU-00001_ID_ALTB_PK_PK_LOAN_TRIGGER" author="1048168">
        <addPrimaryKey columnNames="FI_LOAN_STATUS_ID, FI_TRIGGER_ID, FI_NEXT_STATUS" constraintName="PK_LOAN_TRIGGER" forIndexSchemaName="SC_CREDIT" forIndexName="IXPK_LOAN_TRIGGER" schemaName="SC_CREDIT" tableName="TC_LOAN_STATUS_TRIGGER"/>
        <rollback>
            <dropPrimaryKey constraintName="PK_LOAN_TRIGGER" schemaName="SC_CREDIT" tableName="TC_LOAN_STATUS_TRIGGER" dropIndex="false"/>
        </rollback>
    </changeSet>
    <changeSet id="HU-00001_ID_ALTB_FK_FK_LOAN_STATUS_TRIGGER_01" author="1048168">
        <addForeignKeyConstraint baseTableSchemaName="SC_CREDIT" baseTableName="TC_LOAN_STATUS_TRIGGER" baseColumnNames="FI_LOAN_STATUS_ID" constraintName="FK_LOAN_STATUS_TRIGGER_01" referencedTableSchemaName="SC_CREDIT" referencedTableName="TC_LOAN_STATUS" referencedColumnNames="FI_LOAN_STATUS_ID"/>
        <rollback>
            <dropForeignKeyConstraint baseTableSchemaName="SC_CREDIT" baseTableName="TC_LOAN_STATUS_TRIGGER" constraintName="FK_LOAN_STATUS_TRIGGER_01"/>
        </rollback>
    </changeSet>
    <changeSet id="HU-00001_ID_ALTB_FK_FK_LOAN_STATUS_TRIGGER_02" author="1048168">
        <addForeignKeyConstraint baseTableSchemaName="SC_CREDIT" baseTableName="TC_LOAN_STATUS_TRIGGER" baseColumnNames="FI_TRIGGER_ID" constraintName="FK_LOAN_STATUS_TRIGGER_02" referencedTableSchemaName="SC_CREDIT" referencedTableName="TC_TRIGGER" referencedColumnNames="FI_TRIGGER_ID"/>
        <rollback>
            <dropForeignKeyConstraint baseTableSchemaName="SC_CREDIT" baseTableName="TC_LOAN_STATUS_TRIGGER" constraintName="FK_LOAN_STATUS_TRIGGER_02"/>
        </rollback>
    </changeSet>
</databaseChangeLog>
