<?xml version="1.0" encoding="UTF-8" standalone="yes"?>
<databaseChangeLog xmlns="http://www.liquibase.org/xml/ns/dbchangelog" xmlns:xsi="http://www.w3.org/2001/XMLSchema-instance" xsi:schemaLocation="http://www.liquibase.org/xml/ns/dbchangelog http://www.liquibase.org/xml/ns/dbchangelog/dbchangelog-3.8.xsd ">
    <changeSet id="HU-00001_TAG_ALTB_CONST_TC_OPERATION_TYPE" author="1048168">
        <tagDatabase tag="HU-00001"/>
    </changeSet>
    <changeSet id="HU-00001_ID_ALTB_PK_PK_OPERATION_TYPE" author="1048168">
        <addPrimaryKey columnNames="FI_OPERATION_TYPE_ID" constraintName="PK_OPERATION_TYPE" forIndexSchemaName="SC_CREDIT" forIndexName="IXPK_OPERATION_TYPE" schemaName="SC_CREDIT" tableName="TC_OPERATION_TYPE"/>
        <rollback>
            <dropPrimaryKey constraintName="PK_OPERATION_TYPE" schemaName="SC_CREDIT" tableName="TC_OPERATION_TYPE" dropIndex="false"/>
        </rollback>
    </changeSet>
    <changeSet id="HU-00001_ID_ALTB_FK_FK_OPERATION_TYPE_01" author="1048168">
        <addForeignKeyConstraint baseTableSchemaName="SC_CREDIT" baseTableName="TC_OPERATION_TYPE" baseColumnNames="FI_OPERATION_SIGN_ID" constraintName="FK_OPERATION_TYPE_01" referencedTableSchemaName="SC_CREDIT" referencedTableName="TC_OPERATION_SIGN" referencedColumnNames="FI_OPERATION_SIGN_ID"/>
        <rollback>
            <dropForeignKeyConstraint baseTableSchemaName="SC_CREDIT" baseTableName="TC_OPERATION_TYPE" constraintName="FK_OPERATION_TYPE_01"/>
        </rollback>
    </changeSet>
</databaseChangeLog>
