<?xml version="1.0" encoding="UTF-8" standalone="yes"?>
<databaseChangeLog xmlns="http://www.liquibase.org/xml/ns/dbchangelog" xmlns:xsi="http://www.w3.org/2001/XMLSchema-instance" xsi:schemaLocation="http://www.liquibase.org/xml/ns/dbchangelog http://www.liquibase.org/xml/ns/dbchangelog/dbchangelog-3.8.xsd ">
    <changeSet id="HU-00001_TAG_CRTB_TC_SUBTERM_TYPE" author="1048168">
        <tagDatabase tag="HU-00001"/>
    </changeSet>
    <changeSet id="HU-00001_ID_CRTB_TC_SUBTERM_TYPE" author="1048168">
        <createTable tablespace="USERS" remarks="Catalog of Possible subterms" schemaName="SC_CREDIT" tableName="TC_SUBTERM_TYPE">
            <column name="FI_SUBTERM_TYPE_ID" type="NUMBER(5)" remarks="ID to identify the subterms ">
                <constraints nullable="false"/>
            </column>
            <column name="FC_SUBTERM_TYPE_DESC" type="VARCHAR2(60)" remarks="Description subterm type">
                <constraints nullable="false"/>
            </column>
            <column name="FI_STATUS" type="NUMBER(2)" defaultValueComputed="1" remarks="On/Off Indicator">
                <constraints nullable="false"/>
            </column>
            <column name="FC_USER" type="VARCHAR2(30)" defaultValueComputed="USER" remarks="">
                <constraints nullable="false"/>
            </column>
            <column name="FD_CREATED_DATE" type="DATE" defaultValueComputed="SYSDATE" remarks="">
                <constraints nullable="false"/>
            </column>
            <column name="FD_MODIFICATION_DATE" type="DATE" defaultValueComputed="SYSDATE" remarks="">
                <constraints nullable="false"/>
            </column>
        </createTable>
    </changeSet>
</databaseChangeLog>
