<?xml version="1.0" encoding="UTF-8" standalone="yes"?>
<databaseChangeLog xmlns="http://www.liquibase.org/xml/ns/dbchangelog" xmlns:xsi="http://www.w3.org/2001/XMLSchema-instance" xsi:schemaLocation="http://www.liquibase.org/xml/ns/dbchangelog http://www.liquibase.org/xml/ns/dbchangelog/dbchangelog-3.8.xsd ">
    <changeSet id="HU-00001_TAG_ALTB_CONST_TH_PAYMENT_SCHEDULE" author="1048168">
        <tagDatabase tag="HU-00001"/>
    </changeSet>
    <changeSet id="HU-00001_ID_ALTB_PK_PK_HPAYMENT_SCHEDULE" author="1048168">
        <addPrimaryKey columnNames="FI_LOAN_ID, FI_ADMIN_CENTER_ID, FI_PAYMENT_SCHEDULE_ID, FI_LOAN_OPERATION_ID" constraintName="PK_HPAYMENT_SCHEDULE" forIndexSchemaName="SC_CREDIT" forIndexName="IXPK_HPAYMENT_SCHEDULE" schemaName="SC_CREDIT" tableName="TH_PAYMENT_SCHEDULE"/>
        <rollback>
            <dropPrimaryKey constraintName="PK_HPAYMENT_SCHEDULE" schemaName="SC_CREDIT" tableName="TH_PAYMENT_SCHEDULE" dropIndex="false"/>
        </rollback>
    </changeSet>
</databaseChangeLog>
