<?xml version="1.0" encoding="UTF-8" standalone="yes"?>
<databaseChangeLog xmlns="http://www.liquibase.org/xml/ns/dbchangelog" xmlns:xsi="http://www.w3.org/2001/XMLSchema-instance" xsi:schemaLocation="http://www.liquibase.org/xml/ns/dbchangelog http://www.liquibase.org/xml/ns/dbchangelog/dbchangelog-3.8.xsd ">
    <changeSet id="HU-00001_TAG_ALTB_CONST_TH_PAYMENT_SCHEDULE_FEE" author="1048168">
        <tagDatabase tag="HU-00001"/>
    </changeSet>
    <changeSet id="HU-00001_ID_ALTB_PK_PK_HPAYMENT_SCHEDULE_FEE" author="1048168">
        <addPrimaryKey columnNames="FI_LOAN_ID, FI_ADMIN_CENTER_ID, FI_PAYMENT_SCHEDULE_ID, FI_FEE_SEQ, FI_LOAN_OPERATION_ID" constraintName="PK_HPAYMENT_SCHEDULE_FEE" forIndexSchemaName="SC_CREDIT" forIndexName="IXPK_HPAYMENT_SCHEDULE_FEE" schemaName="SC_CREDIT" tableName="TH_PAYMENT_SCHEDULE_FEE"/>
        <rollback>
            <dropPrimaryKey constraintName="PK_HPAYMENT_SCHEDULE_FEE" schemaName="SC_CREDIT" tableName="TH_PAYMENT_SCHEDULE_FEE" dropIndex="false"/>
        </rollback>
    </changeSet>
    <changeSet id="HU-00001_ID_ALTB_FK_FK_HPAYMENT_SCHEDULE_FEE" author="1048168">
        <addForeignKeyConstraint baseTableSchemaName="SC_CREDIT" baseTableName="TH_PAYMENT_SCHEDULE_FEE" baseColumnNames="FI_LOAN_ID, FI_ADMIN_CENTER_ID, FI_PAYMENT_SCHEDULE_ID, FI_LOAN_OPERATION_ID" constraintName="FK_HPAYMENT_SCHEDULE_FEE" referencedTableSchemaName="SC_CREDIT" referencedTableName="TH_PAYMENT_SCHEDULE" referencedColumnNames="FI_LOAN_ID, FI_ADMIN_CENTER_ID, FI_PAYMENT_SCHEDULE_ID, FI_LOAN_OPERATION_ID"/>
        <rollback>
            <dropForeignKeyConstraint baseTableSchemaName="SC_CREDIT" baseTableName="TH_PAYMENT_SCHEDULE_FEE" constraintName="FK_HPAYMENT_SCHEDULE_FEE"/>
        </rollback>
    </changeSet>
</databaseChangeLog>
