<?xml version="1.0" encoding="UTF-8" standalone="yes"?>
<databaseChangeLog xmlns="http://www.liquibase.org/xml/ns/dbchangelog" xmlns:xsi="http://www.w3.org/2001/XMLSchema-instance" xsi:schemaLocation="http://www.liquibase.org/xml/ns/dbchangelog http://www.liquibase.org/xml/ns/dbchangelog/dbchangelog-3.8.xsd ">
    <changeSet id="HU-00001_TAG_CRTB_TH_PWO_AMOUNT_DETAIL" author="1048168">
        <tagDatabase tag="HU-00001"/>
    </changeSet>
    <changeSet id="HU-00001_ID_CRTB_TH_PWO_AMOUNT_DETAIL" author="1048168">
        <createTable tablespace="USERS" schemaName="SC_CREDIT" tableName="TH_PWO_AMOUNT_DETAIL">
            <column name="FI_ADMIN_CENTER_ID" type="NUMBER(8)">
                <constraints nullable="false"/>
            </column>
            <column name="FI_LOAN_ID" type="NUMBER(15)">
                <constraints nullable="false"/>
            </column>
            <column name="FI_LOAN_OPERATION_ID" type="NUMBER(15)">
                <constraints nullable="false"/>
            </column>
            <column name="FN_PAY_OFF_AMOUNT" type="NUMBER(12,2)">
                <constraints nullable="false"/>
            </column>
            <column name="FN_PWO_EXT_PAYMENT" type="NUMBER(12,2)">
                <constraints nullable="false"/>
            </column>
            <column name="FN_AMOUNT_PAID" type="NUMBER(12,2)">
                <constraints nullable="true"/>
            </column>
            <column name="FN_PWO_MIN_PAYMENT" type="NUMBER(12,2)">
                <constraints nullable="true"/>
            </column>
            <column name="FI_ADD_EXTENSION" type="NUMBER(3)">
                <constraints nullable="false"/>
            </column>
            <column name="FD_PWO_DATE" type="DATE">
                <constraints nullable="false"/>
            </column>
            <column name="FC_USER" type="VARCHAR2(30)">
                <constraints nullable="false"/>
            </column>
            <column name="FD_CREATED_DATE" type="DATE" defaultValueComputed="SYSDATE">
                <constraints nullable="false"/>
            </column>
            <column name="FD_MODIFICATION_DATE" type="DATE" defaultValueComputed="SYSDATE">
                <constraints nullable="false"/>
            </column>
        </createTable>
        <modifySql>
            <append value=" PARTITION BY RANGE (FI_ADMIN_CENTER_ID) ( PARTITION PAR_HPWO_AMOUNTD_P1 VALUES LESS THAN (401) TABLESPACE USERS,  PARTITION PAR_HPWO_AMOUNTD_P2 VALUES LESS THAN (802) TABLESPACE USERS,  PARTITION PAR_HPWO_AMOUNTD_P3 VALUES LESS THAN (1203) TABLESPACE USERS,  PARTITION PAR_HPWO_AMOUNTD_P4 VALUES LESS THAN (1604) TABLESPACE USERS,  PARTITION PAR_HPWO_AMOUNTD_P5 VALUES LESS THAN (2005) TABLESPACE USERS,  PARTITION PAR_HPWO_AMOUNTD_P6 VALUES LESS THAN (2406) TABLESPACE USERS,  PARTITION PAR_HPWO_AMOUNTD_P7 VALUES LESS THAN (2807) TABLESPACE USERS,  PARTITION PAR_HPWO_AMOUNTD_P8 VALUES LESS THAN (3208) TABLESPACE USERS,  PARTITION PAR_HPWO_AMOUNTD_P9 VALUES LESS THAN (3609) TABLESPACE USERS,  PARTITION PAR_HPWO_AMOUNTD_P10 VALUES LESS THAN (4010) TABLESPACE USERS,  PARTITION PAR_HPWO_AMOUNTD_P11 VALUES LESS THAN (4411) TABLESPACE USERS,  PARTITION PAR_HPWO_AMOUNTD_P12 VALUES LESS THAN (4812) TABLESPACE USERS,  PARTITION PAR_HPWO_AMOUNTD_P13 VALUES LESS THAN (5213) TABLESPACE USERS,  PARTITION PAR_HPWO_AMOUNTD_P14 VALUES LESS THAN (5614) TABLESPACE USERS,  PARTITION PAR_HPWO_AMOUNTD_P15 VALUES LESS THAN (6015) TABLESPACE USERS,  PARTITION PAR_HPWO_AMOUNTD_P16 VALUES LESS THAN (6416) TABLESPACE USERS,  PARTITION PAR_HPWO_AMOUNTD_P17 VALUES LESS THAN (6817) TABLESPACE USERS,  PARTITION PAR_HPWO_AMOUNTD_P18 VALUES LESS THAN (7218) TABLESPACE USERS,  PARTITION PAR_HPWO_AMOUNTD_P19 VALUES LESS THAN (7619) TABLESPACE USERS,  PARTITION PAR_HPWO_AMOUNTD_P20 VALUES LESS THAN (8020) TABLESPACE USERS,  PARTITION PAR_HPWO_AMOUNTD_P21 VALUES LESS THAN (8421) TABLESPACE USERS,  PARTITION PAR_HPWO_AMOUNTD_P22 VALUES LESS THAN (8822) TABLESPACE USERS,  PARTITION PAR_HPWO_AMOUNTD_P23 VALUES LESS THAN (9223) TABLESPACE USERS,  PARTITION PAR_HPWO_AMOUNTD_P24 VALUES LESS THAN (9624) TABLESPACE USERS,  PARTITION PAR_HPWO_AMOUNTD_P25 VALUES LESS THAN (10025) TABLESPACE USERS,  PARTITION PAR_HPWO_AMOUNTD_P26 VALUES LESS THAN (MAXVALUE) TABLESPACE USERS) ENABLE ROW MOVEMENT "/>
        </modifySql>
    </changeSet>
    <changeSet id="HU-00001_ID_REMARKS_TH_PWO_AMOUNT_DETAIL" author="1048168">
        <setTableRemarks schemaName="SC_CREDIT" tableName="TH_PWO_AMOUNT_DETAIL" remarks="Table that contains the historical of the Potential Write-Off amounts"/>
        <setColumnRemarks schemaName="SC_CREDIT" tableName="TH_PWO_AMOUNT_DETAIL" columnName="FI_ADMIN_CENTER_ID" remarks="Loan Management Center"/>
        <setColumnRemarks schemaName="SC_CREDIT" tableName="TH_PWO_AMOUNT_DETAIL" columnName="FI_LOAN_ID" remarks="Loan Identifier"/>
        <setColumnRemarks schemaName="SC_CREDIT" tableName="TH_PWO_AMOUNT_DETAIL" columnName="FI_LOAN_OPERATION_ID" remarks="Loan Operation Number Identifier"/>
        <setColumnRemarks schemaName="SC_CREDIT" tableName="TH_PWO_AMOUNT_DETAIL" columnName="FN_PAY_OFF_AMOUNT" remarks="Amount when the loan defaults"/>
        <setColumnRemarks schemaName="SC_CREDIT" tableName="TH_PWO_AMOUNT_DETAIL" columnName="FN_PWO_EXT_PAYMENT" remarks="Amount of the required payment extension"/>
        <setColumnRemarks schemaName="SC_CREDIT" tableName="TH_PWO_AMOUNT_DETAIL" columnName="FN_AMOUNT_PAID" remarks="Amount Paid"/>
        <setColumnRemarks schemaName="SC_CREDIT" tableName="TH_PWO_AMOUNT_DETAIL" columnName="FN_PWO_MIN_PAYMENT" remarks="Amount Remaining to Pay"/>
        <setColumnRemarks schemaName="SC_CREDIT" tableName="TH_PWO_AMOUNT_DETAIL" columnName="FI_ADD_EXTENSION" remarks="Number of Extensions Added"/>
        <setColumnRemarks schemaName="SC_CREDIT" tableName="TH_PWO_AMOUNT_DETAIL" columnName="FD_PWO_DATE" remarks="Potential Write-Off Deadline Date"/>
        <setColumnRemarks schemaName="SC_CREDIT" tableName="TH_PWO_AMOUNT_DETAIL" columnName="FC_USER" remarks="For auditory, User that makes the operation"/>
        <setColumnRemarks schemaName="SC_CREDIT" tableName="TH_PWO_AMOUNT_DETAIL" columnName="FD_CREATED_DATE" remarks="For auditory, date of creation"/>
        <setColumnRemarks schemaName="SC_CREDIT" tableName="TH_PWO_AMOUNT_DETAIL" columnName="FD_MODIFICATION_DATE" remarks="For auditory, date of modification"/>
        <rollback/>
    </changeSet>
</databaseChangeLog>
