<?xml version="1.0" encoding="UTF-8" standalone="yes"?>
<databaseChangeLog xmlns="http://www.liquibase.org/xml/ns/dbchangelog" xmlns:xsi="http://www.w3.org/2001/XMLSchema-instance" xsi:schemaLocation="http://www.liquibase.org/xml/ns/dbchangelog http://www.liquibase.org/xml/ns/dbchangelog/dbchangelog-3.8.xsd ">
    <changeSet id="HU-00001_TAG_INDEX_TA_LOAN_OPERATION" author="1048168">
        <tagDatabase tag="HU-00001"/>
    </changeSet>
    <changeSet id="HU-00001_ID_INDEX_IXPK_LOAN_OPERATION" author="1048168">
        <createIndex unique="true" indexName="IXPK_LOAN_OPERATION" schemaName="SC_CREDIT" tableName="TA_LOAN_OPERATION">
            <column name="FI_LOAN_ID"/>
            <column name="FI_ADMIN_CENTER_ID"/>
            <column name="FI_LOAN_OPERATION_ID"/>
        </createIndex>
        <rollback>
            <dropIndex indexName="IXPK_LOAN_OPERATION" schemaName="SC_CREDIT" tableName="TA_LOAN_OPERATION"/>
        </rollback>
        <modifySql>
            <append value=" LOCAL  ( PARTITION PAR_IXPKLOANOP_P1 TABLESPACE USERS,  PARTITION PAR_IXPKLOANOP_P2 TABLESPACE USERS,  PARTITION PAR_IXPKLOANOP_P3 TABLESPACE USERS,  PARTITION PAR_IXPKLOANOP_P4 TABLESPACE USERS,  PARTITION PAR_IXPKLOANOP_P5 TABLESPACE USERS,  PARTITION PAR_IXPKLOANOP_P6 TABLESPACE USERS,  PARTITION PAR_IXPKLOANOP_P7 TABLESPACE USERS,  PARTITION PAR_IXPKLOANOP_P8 TABLESPACE USERS,  PARTITION PAR_IXPKLOANOP_P9 TABLESPACE USERS,  PARTITION PAR_IXPKLOANOP_P10 TABLESPACE USERS,  PARTITION PAR_IXPKLOANOP_P11 TABLESPACE USERS,  PARTITION PAR_IXPKLOANOP_P12 TABLESPACE USERS,  PARTITION PAR_IXPKLOANOP_P13 TABLESPACE USERS,  PARTITION PAR_IXPKLOANOP_P14 TABLESPACE USERS,  PARTITION PAR_IXPKLOANOP_P15 TABLESPACE USERS,  PARTITION PAR_IXPKLOANOP_P16 TABLESPACE USERS,  PARTITION PAR_IXPKLOANOP_P17 TABLESPACE USERS,  PARTITION PAR_IXPKLOANOP_P18 TABLESPACE USERS,  PARTITION PAR_IXPKLOANOP_P19 TABLESPACE USERS,  PARTITION PAR_IXPKLOANOP_P20 TABLESPACE USERS,  PARTITION PAR_IXPKLOANOP_P21 TABLESPACE USERS,  PARTITION PAR_IXPKLOANOP_P22 TABLESPACE USERS,  PARTITION PAR_IXPKLOANOP_P23 TABLESPACE USERS,  PARTITION PAR_IXPKLOANOP_P24 TABLESPACE USERS,  PARTITION PAR_IXPKLOANOP_P25 TABLESPACE USERS,  PARTITION PAR_IXPKLOANOP_P26 TABLESPACE USERS,  PARTITION PAR_IXPKLOANOP_P27 TABLESPACE USERS,  PARTITION PAR_IXPKLOANOP_P28 TABLESPACE USERS,  PARTITION PAR_IXPKLOANOP_P29 TABLESPACE USERS,  PARTITION PAR_IXPKLOANOP_P30 TABLESPACE USERS)"/>
        </modifySql>
    </changeSet>
    <changeSet id="HU-00001_ID_INDEX_IX01LOAN_OPERATION" author="1048168">
        <createIndex unique="false" indexName="IX01LOAN_OPERATION" schemaName="SC_CREDIT" tableName="TA_LOAN_OPERATION">
            <column name="FI_LOAN_ID"/>
            <column name="FI_ADMIN_CENTER_ID"/>
            <column name="FI_OPERATION_TYPE_ID"/>
        </createIndex>
        <rollback>
            <dropIndex indexName="IX01LOAN_OPERATION" schemaName="SC_CREDIT" tableName="TA_LOAN_OPERATION"/>
        </rollback>
        <modifySql>
            <append value=" LOCAL  ( PARTITION PAR_IXPKLOANOP_P1 TABLESPACE USERS,  PARTITION PAR_IXPKLOANOP_P2 TABLESPACE USERS,  PARTITION PAR_IXPKLOANOP_P3 TABLESPACE USERS,  PARTITION PAR_IXPKLOANOP_P4 TABLESPACE USERS,  PARTITION PAR_IXPKLOANOP_P5 TABLESPACE USERS,  PARTITION PAR_IXPKLOANOP_P6 TABLESPACE USERS,  PARTITION PAR_IXPKLOANOP_P7 TABLESPACE USERS,  PARTITION PAR_IXPKLOANOP_P8 TABLESPACE USERS,  PARTITION PAR_IXPKLOANOP_P9 TABLESPACE USERS,  PARTITION PAR_IXPKLOANOP_P10 TABLESPACE USERS,  PARTITION PAR_IXPKLOANOP_P11 TABLESPACE USERS,  PARTITION PAR_IXPKLOANOP_P12 TABLESPACE USERS,  PARTITION PAR_IXPKLOANOP_P13 TABLESPACE USERS,  PARTITION PAR_IXPKLOANOP_P14 TABLESPACE USERS,  PARTITION PAR_IXPKLOANOP_P15 TABLESPACE USERS,  PARTITION PAR_IXPKLOANOP_P16 TABLESPACE USERS,  PARTITION PAR_IXPKLOANOP_P17 TABLESPACE USERS,  PARTITION PAR_IXPKLOANOP_P18 TABLESPACE USERS,  PARTITION PAR_IXPKLOANOP_P19 TABLESPACE USERS,  PARTITION PAR_IXPKLOANOP_P20 TABLESPACE USERS,  PARTITION PAR_IXPKLOANOP_P21 TABLESPACE USERS,  PARTITION PAR_IXPKLOANOP_P22 TABLESPACE USERS,  PARTITION PAR_IXPKLOANOP_P23 TABLESPACE USERS,  PARTITION PAR_IXPKLOANOP_P24 TABLESPACE USERS,  PARTITION PAR_IXPKLOANOP_P25 TABLESPACE USERS,  PARTITION PAR_IXPKLOANOP_P26 TABLESPACE USERS,  PARTITION PAR_IXPKLOANOP_P27 TABLESPACE USERS,  PARTITION PAR_IXPKLOANOP_P28 TABLESPACE USERS,  PARTITION PAR_IXPKLOANOP_P29 TABLESPACE USERS,  PARTITION PAR_IXPKLOANOP_P30 TABLESPACE USERS)"/>
        </modifySql>
    </changeSet>
</databaseChangeLog>
