<?xml version="1.0" encoding="UTF-8" standalone="yes"?>
<databaseChangeLog xmlns="http://www.liquibase.org/xml/ns/dbchangelog" xmlns:xsi="http://www.w3.org/2001/XMLSchema-instance" xsi:schemaLocation="http://www.liquibase.org/xml/ns/dbchangelog http://www.liquibase.org/xml/ns/dbchangelog/dbchangelog-3.8.xsd ">
    <changeSet id="HU-00001_TAG_INDEX_TA_LOAN_BALANCE" author="1048168">
        <tagDatabase tag="HU-00001"/>
    </changeSet>
    <changeSet id="HU-00001_ID_INDEX_IXPK_LOAN_BALANCE" author="1048168">
        <createIndex unique="true" indexName="IXPK_LOAN_BALANCE" schemaName="SC_CREDIT" tableName="TA_LOAN_BALANCE">
            <column name="FI_LOAN_ID"/>
            <column name="FI_ADMIN_CENTER_ID"/>
            <column name="FI_LOAN_BALANCE_ID"/>
        </createIndex>
        <rollback>
            <dropIndex indexName="IXPK_LOAN_BALANCE" schemaName="SC_CREDIT" tableName="TA_LOAN_BALANCE"/>
        </rollback>
        <modifySql>
            <append value=" LOCAL  ( PARTITION PAR_IXPKLOANOPBALANCE_P1 TABLESPACE USERS,  PARTITION PAR_IXPKLOANOPBALANCE_P2 TABLESPACE USERS,  PARTITION PAR_IXPKLOANOPBALANCE_P3 TABLESPACE USERS,  PARTITION PAR_IXPKLOANOPBALANCE_P4 TABLESPACE USERS,  PARTITION PAR_IXPKLOANOPBALANCE_P5 TABLESPACE USERS,  PARTITION PAR_IXPKLOANOPBALANCE_P6 TABLESPACE USERS,  PARTITION PAR_IXPKLOANOPBALANCE_P7 TABLESPACE USERS,  PARTITION PAR_IXPKLOANOPBALANCE_P8 TABLESPACE USERS,  PARTITION PAR_IXPKLOANOPBALANCE_P9 TABLESPACE USERS,  PARTITION PAR_IXPKLOANOPBALANCE_P10 TABLESPACE USERS,  PARTITION PAR_IXPKLOANOPBALANCE_P11 TABLESPACE USERS,  PARTITION PAR_IXPKLOANOPBALANCE_P12 TABLESPACE USERS,  PARTITION PAR_IXPKLOANOPBALANCE_P13 TABLESPACE USERS,  PARTITION PAR_IXPKLOANOPBALANCE_P14 TABLESPACE USERS,  PARTITION PAR_IXPKLOANOPBALANCE_P15 TABLESPACE USERS,  PARTITION PAR_IXPKLOANOPBALANCE_P16 TABLESPACE USERS,  PARTITION PAR_IXPKLOANOPBALANCE_P17 TABLESPACE USERS,  PARTITION PAR_IXPKLOANOPBALANCE_P18 TABLESPACE USERS,  PARTITION PAR_IXPKLOANOPBALANCE_P19 TABLESPACE USERS,  PARTITION PAR_IXPKLOANOPBALANCE_P20 TABLESPACE USERS,  PARTITION PAR_IXPKLOANOPBALANCE_P21 TABLESPACE USERS,  PARTITION PAR_IXPKLOANOPBALANCE_P22 TABLESPACE USERS,  PARTITION PAR_IXPKLOANOPBALANCE_P23 TABLESPACE USERS,  PARTITION PAR_IXPKLOANOPBALANCE_P24 TABLESPACE USERS,  PARTITION PAR_IXPKLOANOPBALANCE_P25 TABLESPACE USERS,  PARTITION PAR_IXPKLOANOPBALANCE_P26 TABLESPACE USERS,  PARTITION PAR_IXPKLOANOPBALANCE_P27 TABLESPACE USERS,  PARTITION PAR_IXPKLOANOPBALANCE_P28 TABLESPACE USERS,  PARTITION PAR_IXPKLOANOPBALANCE_P29 TABLESPACE USERS,  PARTITION PAR_IXPKLOANOPBALANCE_P30 TABLESPACE USERS)"/>
        </modifySql>
    </changeSet>
    <changeSet id="HU-00001_ID_INDEX_IX_LOAN_BALANCE01" author="1048168">
        <createIndex unique="false" indexName="IX_LOAN_BALANCE01" schemaName="SC_CREDIT" tableName="TA_LOAN_BALANCE">
            <column name="FI_LOAN_ID"/>
            <column name="FI_ADMIN_CENTER_ID"/>
            <column name="FI_BALANCE_SEQ"/>
        </createIndex>
        <rollback>
            <dropIndex indexName="IX_LOAN_BALANCE01" schemaName="SC_CREDIT" tableName="TA_LOAN_BALANCE"/>
        </rollback>
        <modifySql>
            <append value=" LOCAL  ( PARTITION PAR_IXPKLOANOPBALANCE_P1 TABLESPACE USERS,  PARTITION PAR_IXPKLOANOPBALANCE_P2 TABLESPACE USERS,  PARTITION PAR_IXPKLOANOPBALANCE_P3 TABLESPACE USERS,  PARTITION PAR_IXPKLOANOPBALANCE_P4 TABLESPACE USERS,  PARTITION PAR_IXPKLOANOPBALANCE_P5 TABLESPACE USERS,  PARTITION PAR_IXPKLOANOPBALANCE_P6 TABLESPACE USERS,  PARTITION PAR_IXPKLOANOPBALANCE_P7 TABLESPACE USERS,  PARTITION PAR_IXPKLOANOPBALANCE_P8 TABLESPACE USERS,  PARTITION PAR_IXPKLOANOPBALANCE_P9 TABLESPACE USERS,  PARTITION PAR_IXPKLOANOPBALANCE_P10 TABLESPACE USERS,  PARTITION PAR_IXPKLOANOPBALANCE_P11 TABLESPACE USERS,  PARTITION PAR_IXPKLOANOPBALANCE_P12 TABLESPACE USERS,  PARTITION PAR_IXPKLOANOPBALANCE_P13 TABLESPACE USERS,  PARTITION PAR_IXPKLOANOPBALANCE_P14 TABLESPACE USERS,  PARTITION PAR_IXPKLOANOPBALANCE_P15 TABLESPACE USERS,  PARTITION PAR_IXPKLOANOPBALANCE_P16 TABLESPACE USERS,  PARTITION PAR_IXPKLOANOPBALANCE_P17 TABLESPACE USERS,  PARTITION PAR_IXPKLOANOPBALANCE_P18 TABLESPACE USERS,  PARTITION PAR_IXPKLOANOPBALANCE_P19 TABLESPACE USERS,  PARTITION PAR_IXPKLOANOPBALANCE_P20 TABLESPACE USERS,  PARTITION PAR_IXPKLOANOPBALANCE_P21 TABLESPACE USERS,  PARTITION PAR_IXPKLOANOPBALANCE_P22 TABLESPACE USERS,  PARTITION PAR_IXPKLOANOPBALANCE_P23 TABLESPACE USERS,  PARTITION PAR_IXPKLOANOPBALANCE_P24 TABLESPACE USERS,  PARTITION PAR_IXPKLOANOPBALANCE_P25 TABLESPACE USERS,  PARTITION PAR_IXPKLOANOPBALANCE_P26 TABLESPACE USERS,  PARTITION PAR_IXPKLOANOPBALANCE_P27 TABLESPACE USERS,  PARTITION PAR_IXPKLOANOPBALANCE_P28 TABLESPACE USERS,  PARTITION PAR_IXPKLOANOPBALANCE_P29 TABLESPACE USERS,  PARTITION PAR_IXPKLOANOPBALANCE_P30 TABLESPACE USERS)"/>
        </modifySql>
    </changeSet>
</databaseChangeLog>
