<?xml version="1.0" encoding="UTF-8" standalone="yes"?>
<databaseChangeLog xmlns="http://www.liquibase.org/xml/ns/dbchangelog" xmlns:xsi="http://www.w3.org/2001/XMLSchema-instance" xsi:schemaLocation="http://www.liquibase.org/xml/ns/dbchangelog http://www.liquibase.org/xml/ns/dbchangelog/dbchangelog-3.8.xsd ">
    <changeSet id="HU-00001_TAG_INDEX_TA_LOAN_OPERATION_VOID" author="1048168">
        <tagDatabase tag="HU-00001"/>
    </changeSet>
    <changeSet id="HU-00001_ID_INDEX_IXPK_LOAN_OPERATION_VOID" author="1048168">
        <createIndex unique="true" tablespace="USERS" indexName="IXPK_LOAN_OPERATION_VOID" schemaName="SC_CREDIT" tableName="TA_LOAN_OPERATION_VOID">
            <column name="FI_LOAN_OPERATION_VOID_ID"/>
        </createIndex>
        <rollback>
            <dropIndex indexName="IXPK_LOAN_OPERATION_VOID" schemaName="SC_CREDIT" tableName="TA_LOAN_OPERATION_VOID"/>
        </rollback>
    </changeSet>
    <changeSet id="HU-00001_ID_INDEX_IX01_LOAN_OPERATION_VOID" author="1048168">
        <createIndex unique="false" tablespace="USERS" indexName="IX01_LOAN_OPERATION_VOID" schemaName="SC_CREDIT" tableName="TA_LOAN_OPERATION_VOID">
            <column name="FI_LOAN_ID"/>
            <column name="FI_ADMIN_CENTER_ID"/>
            <column name="FI_OPERATION_REVERSED_ID"/>
        </createIndex>
        <rollback>
            <dropIndex indexName="IX01_LOAN_OPERATION_VOID" schemaName="SC_CREDIT" tableName="TA_LOAN_OPERATION_VOID"/>
        </rollback>
    </changeSet>
</databaseChangeLog>
