<?xml version="1.0" encoding="UTF-8" standalone="yes"?>
<databaseChangeLog xmlns="http://www.liquibase.org/xml/ns/dbchangelog" xmlns:xsi="http://www.w3.org/2001/XMLSchema-instance" xsi:schemaLocation="http://www.liquibase.org/xml/ns/dbchangelog http://www.liquibase.org/xml/ns/dbchangelog/dbchangelog-3.8.xsd ">
    <changeSet id="HU-00001_TAG_INDEX_TA_LOAN" author="1048168">
        <tagDatabase tag="HU-00001"/>
    </changeSet>
    <changeSet id="HU-00001_ID_INDEX_IXPK_LOAN" author="1048168">
        <createIndex unique="true" indexName="IXPK_LOAN" schemaName="SC_CREDIT" tableName="TA_LOAN">
            <column name="FI_LOAN_ID"/>
            <column name="FI_ADMIN_CENTER_ID"/>
        </createIndex>
        <rollback>
            <dropIndex indexName="IXPK_LOAN" schemaName="SC_CREDIT" tableName="TA_LOAN"/>
        </rollback>
        <modifySql>
            <append value=" LOCAL  ( PARTITION PAR_IXPKLOAN_P1 TABLESPACE USERS,  PARTITION PAR_IXPKLOAN_P2 TABLESPACE USERS,  PARTITION PAR_IXPKLOAN_P3 TABLESPACE USERS,  PARTITION PAR_IXPKLOAN_P4 TABLESPACE USERS,  PARTITION PAR_IXPKLOAN_P5 TABLESPACE USERS,  PARTITION PAR_IXPKLOAN_P6 TABLESPACE USERS,  PARTITION PAR_IXPKLOAN_P7 TABLESPACE USERS,  PARTITION PAR_IXPKLOAN_P8 TABLESPACE USERS,  PARTITION PAR_IXPKLOAN_P9 TABLESPACE USERS,  PARTITION PAR_IXPKLOAN_P10 TABLESPACE USERS,  PARTITION PAR_IXPKLOAN_P11 TABLESPACE USERS,  PARTITION PAR_IXPKLOAN_P12 TABLESPACE USERS,  PARTITION PAR_IXPKLOAN_P13 TABLESPACE USERS,  PARTITION PAR_IXPKLOAN_P14 TABLESPACE USERS,  PARTITION PAR_IXPKLOAN_P15 TABLESPACE USERS,  PARTITION PAR_IXPKLOAN_P16 TABLESPACE USERS,  PARTITION PAR_IXPKLOAN_P17 TABLESPACE USERS,  PARTITION PAR_IXPKLOAN_P18 TABLESPACE USERS,  PARTITION PAR_IXPKLOAN_P19 TABLESPACE USERS,  PARTITION PAR_IXPKLOAN_P20 TABLESPACE USERS,  PARTITION PAR_IXPKLOAN_P21 TABLESPACE USERS,  PARTITION PAR_IXPKLOAN_P22 TABLESPACE USERS,  PARTITION PAR_IXPKLOAN_P23 TABLESPACE USERS,  PARTITION PAR_IXPKLOAN_P24 TABLESPACE USERS,  PARTITION PAR_IXPKLOAN_P25 TABLESPACE USERS,  PARTITION PAR_IXPKLOAN_P26 TABLESPACE USERS)"/>
        </modifySql>
    </changeSet>
    <changeSet id="HU-00001_ID_INDEX_IX_LOAN02" author="1048168">
        <createIndex unique="false" indexName="IX_LOAN02" schemaName="SC_CREDIT" tableName="TA_LOAN">
            <column name="FI_ADMIN_CENTER_ID"/>
            <column name="FI_LOAN_STATUS_ID"/>
        </createIndex>
        <rollback>
            <dropIndex indexName="IX_LOAN02" schemaName="SC_CREDIT" tableName="TA_LOAN"/>
        </rollback>
        <modifySql>
            <append value=" LOCAL  ( PARTITION PAR_IXPKLOAN_P1 TABLESPACE USERS,  PARTITION PAR_IXPKLOAN_P2 TABLESPACE USERS,  PARTITION PAR_IXPKLOAN_P3 TABLESPACE USERS,  PARTITION PAR_IXPKLOAN_P4 TABLESPACE USERS,  PARTITION PAR_IXPKLOAN_P5 TABLESPACE USERS,  PARTITION PAR_IXPKLOAN_P6 TABLESPACE USERS,  PARTITION PAR_IXPKLOAN_P7 TABLESPACE USERS,  PARTITION PAR_IXPKLOAN_P8 TABLESPACE USERS,  PARTITION PAR_IXPKLOAN_P9 TABLESPACE USERS,  PARTITION PAR_IXPKLOAN_P10 TABLESPACE USERS,  PARTITION PAR_IXPKLOAN_P11 TABLESPACE USERS,  PARTITION PAR_IXPKLOAN_P12 TABLESPACE USERS,  PARTITION PAR_IXPKLOAN_P13 TABLESPACE USERS,  PARTITION PAR_IXPKLOAN_P14 TABLESPACE USERS,  PARTITION PAR_IXPKLOAN_P15 TABLESPACE USERS,  PARTITION PAR_IXPKLOAN_P16 TABLESPACE USERS,  PARTITION PAR_IXPKLOAN_P17 TABLESPACE USERS,  PARTITION PAR_IXPKLOAN_P18 TABLESPACE USERS,  PARTITION PAR_IXPKLOAN_P19 TABLESPACE USERS,  PARTITION PAR_IXPKLOAN_P20 TABLESPACE USERS,  PARTITION PAR_IXPKLOAN_P21 TABLESPACE USERS,  PARTITION PAR_IXPKLOAN_P22 TABLESPACE USERS,  PARTITION PAR_IXPKLOAN_P23 TABLESPACE USERS,  PARTITION PAR_IXPKLOAN_P24 TABLESPACE USERS,  PARTITION PAR_IXPKLOAN_P25 TABLESPACE USERS,  PARTITION PAR_IXPKLOAN_P26 TABLESPACE USERS)"/>
        </modifySql>
    </changeSet>
    <changeSet id="HU-00001_ID_INDEX_IX03_LOAN" author="1048168">
        <createIndex unique="false" indexName="IX03_LOAN" schemaName="SC_CREDIT" tableName="TA_LOAN">
            <column name="FI_LOAN_ID"/>
            <column name="FI_ADMIN_CENTER_ID"/>
            <column name="FC_CUSTOMER_ID"/>
        </createIndex>
        <rollback>
            <dropIndex indexName="IX03_LOAN" schemaName="SC_CREDIT" tableName="TA_LOAN"/>
        </rollback>
        <modifySql>
            <append value=" LOCAL  ( PARTITION PAR_IX03LOAN_P1 TABLESPACE USERS,  PARTITION PAR_IX03LOAN_P2 TABLESPACE USERS,  PARTITION PAR_IX03LOAN_P3 TABLESPACE USERS,  PARTITION PAR_IX03LOAN_P4 TABLESPACE USERS,  PARTITION PAR_IX03LOAN_P5 TABLESPACE USERS,  PARTITION PAR_IX03LOAN_P6 TABLESPACE USERS,  PARTITION PAR_IX03LOAN_P7 TABLESPACE USERS,  PARTITION PAR_IX03LOAN_P8 TABLESPACE USERS,  PARTITION PAR_IX03LOAN_P9 TABLESPACE USERS,  PARTITION PAR_IX03LOAN_P10 TABLESPACE USERS,  PARTITION PAR_IX03LOAN_P11 TABLESPACE USERS,  PARTITION PAR_IX03LOAN_P12 TABLESPACE USERS,  PARTITION PAR_IX03LOAN_P13 TABLESPACE USERS,  PARTITION PAR_IX03LOAN_P14 TABLESPACE USERS,  PARTITION PAR_IX03LOAN_P15 TABLESPACE USERS,  PARTITION PAR_IX03LOAN_P16 TABLESPACE USERS,  PARTITION PAR_IX03LOAN_P17 TABLESPACE USERS,  PARTITION PAR_IX03LOAN_P18 TABLESPACE USERS,  PARTITION PAR_IX03LOAN_P19 TABLESPACE USERS,  PARTITION PAR_IX03LOAN_P20 TABLESPACE USERS,  PARTITION PAR_IX03LOAN_P21 TABLESPACE USERS,  PARTITION PAR_IX03LOAN_P22 TABLESPACE USERS,  PARTITION PAR_IX03LOAN_P23 TABLESPACE USERS,  PARTITION PAR_IX03LOAN_P24 TABLESPACE USERS,  PARTITION PAR_IX03LOAN_P25 TABLESPACE USERS,  PARTITION PAR_IX03LOAN_P26 TABLESPACE USERS)"/>
        </modifySql>
    </changeSet>
</databaseChangeLog>
