<?xml version="1.0" encoding="UTF-8" standalone="yes"?>
<databaseChangeLog xmlns="http://www.liquibase.org/xml/ns/dbchangelog" xmlns:xsi="http://www.w3.org/2001/XMLSchema-instance" xsi:schemaLocation="http://www.liquibase.org/xml/ns/dbchangelog http://www.liquibase.org/xml/ns/dbchangelog/dbchangelog-3.8.xsd ">
    <changeSet id="HU-00001_TAG_INDEX_TA_LOAN_INTEREST_DETAIL" author="1048168">
        <tagDatabase tag="HU-00001"/>
    </changeSet>
    <changeSet id="HU-00001_ID_INDEX_IXPK_LOAN_INTEREST_DETAIL" author="1048168">
        <createIndex unique="true" indexName="IXPK_LOAN_INTEREST_DETAIL" schemaName="SC_CREDIT" tableName="TA_LOAN_INTEREST_DETAIL">
            <column name="FI_LOAN_ID"/>
            <column name="FI_ADMIN_CENTER_ID"/>
            <column name="FI_LOAN_INTEREST_ID"/>
        </createIndex>
        <rollback>
            <dropIndex indexName="IXPK_LOAN_INTEREST_DETAIL" schemaName="SC_CREDIT" tableName="TA_LOAN_INTEREST_DETAIL"/>
        </rollback>
        <modifySql>
            <append value=" LOCAL  ( PARTITION PAR_IXPKPYMTSCHEDULE_P1 TABLESPACE USERS,  PARTITION PAR_IXPKPYMTSCHEDULE_P2 TABLESPACE USERS,  PARTITION PAR_IXPKPYMTSCHEDULE_P3 TABLESPACE USERS,  PARTITION PAR_IXPKPYMTSCHEDULE_P4 TABLESPACE USERS,  PARTITION PAR_IXPKPYMTSCHEDULE_P5 TABLESPACE USERS,  PARTITION PAR_IXPKPYMTSCHEDULE_P6 TABLESPACE USERS,  PARTITION PAR_IXPKPYMTSCHEDULE_P7 TABLESPACE USERS,  PARTITION PAR_IXPKPYMTSCHEDULE_P8 TABLESPACE USERS,  PARTITION PAR_IXPKPYMTSCHEDULE_P9 TABLESPACE USERS,  PARTITION PAR_IXPKPYMTSCHEDULE_P10 TABLESPACE USERS,  PARTITION PAR_IXPKPYMTSCHEDULE_P11 TABLESPACE USERS,  PARTITION PAR_IXPKPYMTSCHEDULE_P12 TABLESPACE USERS,  PARTITION PAR_IXPKPYMTSCHEDULE_P13 TABLESPACE USERS,  PARTITION PAR_IXPKPYMTSCHEDULE_P14 TABLESPACE USERS,  PARTITION PAR_IXPKPYMTSCHEDULE_P15 TABLESPACE USERS,  PARTITION PAR_IXPKPYMTSCHEDULE_P16 TABLESPACE USERS,  PARTITION PAR_IXPKPYMTSCHEDULE_P17 TABLESPACE USERS,  PARTITION PAR_IXPKPYMTSCHEDULE_P18 TABLESPACE USERS,  PARTITION PAR_IXPKPYMTSCHEDULE_P19 TABLESPACE USERS,  PARTITION PAR_IXPKPYMTSCHEDULE_P20 TABLESPACE USERS,  PARTITION PAR_IXPKPYMTSCHEDULE_P21 TABLESPACE USERS,  PARTITION PAR_IXPKPYMTSCHEDULE_P22 TABLESPACE USERS,  PARTITION PAR_IXPKPYMTSCHEDULE_P23 TABLESPACE USERS,  PARTITION PAR_IXPKPYMTSCHEDULE_P24 TABLESPACE USERS,  PARTITION PAR_IXPKPYMTSCHEDULE_P25 TABLESPACE USERS,  PARTITION PAR_IXPKPYMTSCHEDULE_P26 TABLESPACE USERS)"/>
        </modifySql>
    </changeSet>
    <changeSet id="HU-00001_ID_INDEX_IX01_LOAN_INTEREST_DETAIL" author="1048168">
        <createIndex unique="false" indexName="IX01_LOAN_INTEREST_DETAIL" schemaName="SC_CREDIT" tableName="TA_LOAN_INTEREST_DETAIL">
            <column name="FI_LOAN_ID"/>
            <column name="FI_ADMIN_CENTER_ID"/>
            <column name="FI_PAYMENT_SCHEDULE_ID"/>
            <column name="FI_DAYS_ACUM_BY_TERM"/>
        </createIndex>
        <rollback>
            <dropIndex indexName="IX01_LOAN_INTEREST_DETAIL" schemaName="SC_CREDIT" tableName="TA_LOAN_INTEREST_DETAIL"/>
        </rollback>
        <modifySql>
            <append value=" LOCAL  ( PARTITION PAR_IX01PYMTSCHEDULE_P1 TABLESPACE USERS,  PARTITION PAR_IX01PYMTSCHEDULE_P2 TABLESPACE USERS,  PARTITION PAR_IX01PYMTSCHEDULE_P3 TABLESPACE USERS,  PARTITION PAR_IX01PYMTSCHEDULE_P4 TABLESPACE USERS,  PARTITION PAR_IX01PYMTSCHEDULE_P5 TABLESPACE USERS,  PARTITION PAR_IX01PYMTSCHEDULE_P6 TABLESPACE USERS,  PARTITION PAR_IX01PYMTSCHEDULE_P7 TABLESPACE USERS,  PARTITION PAR_IX01PYMTSCHEDULE_P8 TABLESPACE USERS,  PARTITION PAR_IX01PYMTSCHEDULE_P9 TABLESPACE USERS,  PARTITION PAR_IX01PYMTSCHEDULE_P10 TABLESPACE USERS,  PARTITION PAR_IX01PYMTSCHEDULE_P11 TABLESPACE USERS,  PARTITION PAR_IX01PYMTSCHEDULE_P12 TABLESPACE USERS,  PARTITION PAR_IX01PYMTSCHEDULE_P13 TABLESPACE USERS,  PARTITION PAR_IX01PYMTSCHEDULE_P14 TABLESPACE USERS,  PARTITION PAR_IX01PYMTSCHEDULE_P15 TABLESPACE USERS,  PARTITION PAR_IX01PYMTSCHEDULE_P16 TABLESPACE USERS,  PARTITION PAR_IX01PYMTSCHEDULE_P17 TABLESPACE USERS,  PARTITION PAR_IX01PYMTSCHEDULE_P18 TABLESPACE USERS,  PARTITION PAR_IX01PYMTSCHEDULE_P19 TABLESPACE USERS,  PARTITION PAR_IX01PYMTSCHEDULE_P20 TABLESPACE USERS,  PARTITION PAR_IX01PYMTSCHEDULE_P21 TABLESPACE USERS,  PARTITION PAR_IX01PYMTSCHEDULE_P22 TABLESPACE USERS,  PARTITION PAR_IX01PYMTSCHEDULE_P23 TABLESPACE USERS,  PARTITION PAR_IX01PYMTSCHEDULE_P24 TABLESPACE USERS,  PARTITION PAR_IX01PYMTSCHEDULE_P25 TABLESPACE USERS,  PARTITION PAR_IX01PYMTSCHEDULE_P26 TABLESPACE USERS)"/>
        </modifySql>
    </changeSet>
</databaseChangeLog>
