<?xml version="1.0" encoding="UTF-8" standalone="yes"?>
<databaseChangeLog xmlns="http://www.liquibase.org/xml/ns/dbchangelog" xmlns:xsi="http://www.w3.org/2001/XMLSchema-instance" xsi:schemaLocation="http://www.liquibase.org/xml/ns/dbchangelog http://www.liquibase.org/xml/ns/dbchangelog/dbchangelog-3.8.xsd ">
    <changeSet id="HU-00001_TAG_INDEX_TA_PAYMENT_TYPE_DETAIL" author="1048168">
        <tagDatabase tag="HU-00001"/>
    </changeSet>
    <changeSet id="HU-00001_ID_INDEX_IXPK_PAYMENT_DETAIL" author="1048168">
        <createIndex unique="true" indexName="IXPK_PAYMENT_DETAIL" schemaName="SC_CREDIT" tableName="TA_PAYMENT_TYPE_DETAIL">
            <column name="FI_LOAN_ID"/>
            <column name="FI_ADMIN_CENTER_ID"/>
            <column name="FI_PAYMENT_ID"/>
        </createIndex>
        <rollback>
            <dropIndex indexName="IXPK_PAYMENT_DETAIL" schemaName="SC_CREDIT" tableName="TA_PAYMENT_TYPE_DETAIL"/>
        </rollback>
        <modifySql>
            <append value=" LOCAL  ( PARTITION PAR_IXPKPYMTTYPEDTAIL_P1 TABLESPACE USERS,  PARTITION PAR_IXPKPYMTTYPEDTAIL_P2 TABLESPACE USERS,  PARTITION PAR_IXPKPYMTTYPEDTAIL_P3 TABLESPACE USERS,  PARTITION PAR_IXPKPYMTTYPEDTAIL_P4 TABLESPACE USERS,  PARTITION PAR_IXPKPYMTTYPEDTAIL_P5 TABLESPACE USERS,  PARTITION PAR_IXPKPYMTTYPEDTAIL_P6 TABLESPACE USERS,  PARTITION PAR_IXPKPYMTTYPEDTAIL_P7 TABLESPACE USERS,  PARTITION PAR_IXPKPYMTTYPEDTAIL_P8 TABLESPACE USERS,  PARTITION PAR_IXPKPYMTTYPEDTAIL_P9 TABLESPACE USERS,  PARTITION PAR_IXPKPYMTTYPEDTAIL_P10 TABLESPACE USERS,  PARTITION PAR_IXPKPYMTTYPEDTAIL_P11 TABLESPACE USERS,  PARTITION PAR_IXPKPYMTTYPEDTAIL_P12 TABLESPACE USERS,  PARTITION PAR_IXPKPYMTTYPEDTAIL_P13 TABLESPACE USERS,  PARTITION PAR_IXPKPYMTTYPEDTAIL_P14 TABLESPACE USERS,  PARTITION PAR_IXPKPYMTTYPEDTAIL_P15 TABLESPACE USERS,  PARTITION PAR_IXPKPYMTTYPEDTAIL_P16 TABLESPACE USERS,  PARTITION PAR_IXPKPYMTTYPEDTAIL_P17 TABLESPACE USERS,  PARTITION PAR_IXPKPYMTTYPEDTAIL_P18 TABLESPACE USERS,  PARTITION PAR_IXPKPYMTTYPEDTAIL_P19 TABLESPACE USERS,  PARTITION PAR_IXPKPYMTTYPEDTAIL_P20 TABLESPACE USERS,  PARTITION PAR_IXPKPYMTTYPEDTAIL_P21 TABLESPACE USERS,  PARTITION PAR_IXPKPYMTTYPEDTAIL_P22 TABLESPACE USERS,  PARTITION PAR_IXPKPYMTTYPEDTAIL_P23 TABLESPACE USERS,  PARTITION PAR_IXPKPYMTTYPEDTAIL_P24 TABLESPACE USERS,  PARTITION PAR_IXPKPYMTTYPEDTAIL_P25 TABLESPACE USERS,  PARTITION PAR_IXPKPYMTTYPEDTAIL_P26 TABLESPACE USERS,  PARTITION PAR_IXPKPYMTTYPEDTAIL_P27 TABLESPACE USERS,  PARTITION PAR_IXPKPYMTTYPEDTAIL_P28 TABLESPACE USERS,  PARTITION PAR_IXPKPYMTTYPEDTAIL_P29 TABLESPACE USERS,  PARTITION PAR_IXPKPYMTTYPEDTAIL_P30 TABLESPACE USERS)"/>
        </modifySql>
    </changeSet>
</databaseChangeLog>
