<?xml version="1.0" encoding="UTF-8" standalone="yes"?>
<databaseChangeLog xmlns="http://www.liquibase.org/xml/ns/dbchangelog" xmlns:xsi="http://www.w3.org/2001/XMLSchema-instance" xsi:schemaLocation="http://www.liquibase.org/xml/ns/dbchangelog http://www.liquibase.org/xml/ns/dbchangelog/dbchangelog-3.8.xsd ">
    <changeSet id="HU-00001_TAG_INDEX_TA_TMP_LOAN_PROCESS" author="1048168">
        <tagDatabase tag="HU-00001"/>
    </changeSet>
    <changeSet id="HU-00001_ID_INDEX_IXPK_TMP_LOAN_PROCESS" author="1048168">
        <createIndex unique="true" tablespace="USERS" indexName="IXPK_TMP_LOAN_PROCESS" schemaName="SC_CREDIT" tableName="TA_TMP_LOAN_PROCESS">
            <column name="FI_LOAN_ID"/>
            <column name="FI_ADMIN_CENTER_ID"/>
            <column name="FI_PROCESS"/>
            <column name="FI_TRACK"/>
        </createIndex>
        <rollback>
            <dropIndex indexName="IXPK_TMP_LOAN_PROCESS" schemaName="SC_CREDIT" tableName="TA_TMP_LOAN_PROCESS"/>
        </rollback>
    </changeSet>
</databaseChangeLog>
