<?xml version="1.0" encoding="UTF-8" standalone="yes"?>
<databaseChangeLog xmlns="http://www.liquibase.org/xml/ns/dbchangelog" xmlns:xsi="http://www.w3.org/2001/XMLSchema-instance" xsi:schemaLocation="http://www.liquibase.org/xml/ns/dbchangelog http://www.liquibase.org/xml/ns/dbchangelog/dbchangelog-3.8.xsd ">
    <changeSet id="HU-00001_TAG_INDEX_TH_PWO_AMOUNT_DETAIL" author="1048168">
        <tagDatabase tag="HU-00001"/>
    </changeSet>
    <changeSet id="HU-00001_ID_INDEX_IXPK_HPWO_AMOUNT_DETAIL" author="1048168">
        <createIndex unique="true" indexName="IXPK_HPWO_AMOUNT_DETAIL" schemaName="SC_CREDIT" tableName="TH_PWO_AMOUNT_DETAIL">
            <column name="FI_ADMIN_CENTER_ID"/>
            <column name="FI_LOAN_ID"/>
            <column name="FI_LOAN_OPERATION_ID"/>
        </createIndex>
        <rollback>
            <dropIndex indexName="IXPK_HPWO_AMOUNT_DETAIL" schemaName="SC_CREDIT" tableName="TH_PWO_AMOUNT_DETAIL"/>
        </rollback>
        <modifySql>
            <append value=" LOCAL  ( PARTITION TBS_CREDIT_HPWO_AMOUNT_DET_P1 TABLESPACE USERS,  PARTITION TBS_CREDIT_HPWO_AMOUNT_DET_P2 TABLESPACE USERS,  PARTITION TBS_CREDIT_HPWO_AMOUNT_DET_P3 TABLESPACE USERS,  PARTITION TBS_CREDIT_HPWO_AMOUNT_DET_P4 TABLESPACE USERS,  PARTITION TBS_CREDIT_HPWO_AMOUNT_DET_P5 TABLESPACE USERS,  PARTITION TBS_CREDIT_HPWO_AMOUNT_DET_P6 TABLESPACE USERS,  PARTITION TBS_CREDIT_HPWO_AMOUNT_DET_P7 TABLESPACE USERS,  PARTITION TBS_CREDIT_HPWO_AMOUNT_DET_P8 TABLESPACE USERS,  PARTITION TBS_CREDIT_HPWO_AMOUNT_DET_P9 TABLESPACE USERS,  PARTITION TBS_CREDIT_HPWO_AMOUNT_DET_P10 TABLESPACE USERS,  PARTITION TBS_CREDIT_HPWO_AMOUNT_DET_P11 TABLESPACE USERS,  PARTITION TBS_CREDIT_HPWO_AMOUNT_DET_P12 TABLESPACE USERS,  PARTITION TBS_CREDIT_HPWO_AMOUNT_DET_P13 TABLESPACE USERS,  PARTITION TBS_CREDIT_HPWO_AMOUNT_DET_P14 TABLESPACE USERS,  PARTITION TBS_CREDIT_HPWO_AMOUNT_DET_P15 TABLESPACE USERS,  PARTITION TBS_CREDIT_HPWO_AMOUNT_DET_P16 TABLESPACE USERS,  PARTITION TBS_CREDIT_HPWO_AMOUNT_DET_P17 TABLESPACE USERS,  PARTITION TBS_CREDIT_HPWO_AMOUNT_DET_P18 TABLESPACE USERS,  PARTITION TBS_CREDIT_HPWO_AMOUNT_DET_P19 TABLESPACE USERS,  PARTITION TBS_CREDIT_HPWO_AMOUNT_DET_P20 TABLESPACE USERS,  PARTITION TBS_CREDIT_HPWO_AMOUNT_DET_P21 TABLESPACE USERS,  PARTITION TBS_CREDIT_HPWO_AMOUNT_DET_P22 TABLESPACE USERS,  PARTITION TBS_CREDIT_HPWO_AMOUNT_DET_P23 TABLESPACE USERS,  PARTITION TBS_CREDIT_HPWO_AMOUNT_DET_P24 TABLESPACE USERS,  PARTITION TBS_CREDIT_HPWO_AMOUNT_DET_P25 TABLESPACE USERS,  PARTITION TBS_CREDIT_HPWO_AMOUNT_DET_P26 TABLESPACE USERS)"/>
        </modifySql>
    </changeSet>
</databaseChangeLog>
