<?xml version="1.0" encoding="UTF-8" standalone="yes"?>
<databaseChangeLog xmlns="http://www.liquibase.org/xml/ns/dbchangelog" xmlns:xsi="http://www.w3.org/2001/XMLSchema-instance" xsi:schemaLocation="http://www.liquibase.org/xml/ns/dbchangelog http://www.liquibase.org/xml/ns/dbchangelog/dbchangelog-3.8.xsd ">
    <changeSet id="HU-00001-PATCH_TAG_ALTB_COLUMNS_TC_COUNTRY" author="1048168">
        <tagDatabase tag="HU-00001-PATCH"/>
    </changeSet>
    <changeSet id="HU-00001-PATCH_ID_ALTB_COLUMNS_TC_COUNTRY_FC_COUNTRY_CODE_ISO2" author="1048168">
        <renameColumn oldColumnName="FC_COUNTRY_CODE" newColumnName="FC_COUNTRY_CODE_ISO2" columnDataType="VARCHAR2(3)" schemaName="SC_CREDIT" tableName="TC_COUNTRY"/>
        <rollback>
            <renameColumn oldColumnName="FC_COUNTRY_CODE_ISO2" newColumnName="FC_COUNTRY_CODE" columnDataType="VARCHAR2(3)" schemaName="SC_CREDIT" tableName="TC_COUNTRY"/>
        </rollback>
    </changeSet>
</databaseChangeLog>
